
> gaming-ui-demo@0.1.0 dev
> next dev

▲ Next.js 16.2.10 (Turbopack)
- Local:         http://localhost:3000
- Network:       http://10.214.131.208:3000
- Environments: .env.local
✓ Ready in 914ms

○ Compiling / ...
 GET / 200 in 15.4s (next.js: 14.6s, application-code: 880ms)
 GET /admin 200 in 15.6s (next.js: 13.6s, application-code: 2.1s)
 GET /login 200 in 15.6s (next.js: 14.0s, application-code: 1619ms)
 GET /deposit?_rsc=BnX4GvlkTdJnv3Hq 200 in 15.7s (next.js: 14.2s, application-code: 1514ms)
 GET /crash 200 in 15.7s (next.js: 14.3s, application-code: 1374ms)
 GET /crash 200 in 15.6s (next.js: 14.3s, application-code: 1315ms)
○ Compiling /api/wallet ...
 GET /api/support-settings 200 in 4.7s (next.js: 4.4s, application-code: 256ms)
 GET /api/wallet 200 in 4.7s (next.js: 4.3s, application-code: 395ms)
 GET /api/game/history 200 in 4.7s (next.js: 4.1s, application-code: 600ms)
 GET /api/support-settings 200 in 106ms (next.js: 56ms, application-code: 50ms)
 GET /api/admin/ensure-seed 200 in 1245ms (next.js: 790ms, application-code: 454ms)
 GET /api/admin/users 200 in 1423ms (next.js: 1170ms, application-code: 253ms)
 GET /api/admin/deposits 200 in 1485ms (next.js: 1280ms, application-code: 205ms)
 GET /api/admin/withdrawals 200 in 1474ms (next.js: 988ms, application-code: 486ms)
 GET /api/support-settings 200 in 87ms (next.js: 32ms, application-code: 54ms)
 GET /api/admin/overview 200 in 782ms (next.js: 606ms, application-code: 175ms)
 GET /api/wallet 200 in 155ms (next.js: 14ms, application-code: 141ms)
 GET /api/support-settings 200 in 132ms (next.js: 71ms, application-code: 61ms)
 GET /api/transactions?type=deposit&page=1 200 in 646ms (next.js: 561ms, application-code: 84ms)
 GET /api/support-settings 200 in 71ms (next.js: 22ms, application-code: 49ms)
 GET /api/wallet 200 in 37ms (next.js: 11ms, application-code: 26ms)
 GET /api/game/history 200 in 76ms (next.js: 7ms, application-code: 68ms)
 GET /api/support-settings 200 in 84ms (next.js: 44ms, application-code: 39ms)
 POST /api/auth/signup 200 in 1282ms (next.js: 799ms, application-code: 483ms)
 GET /api/auth/me 401 in 652ms (next.js: 637ms, application-code: 15ms)
 POST /api/auth/login 400 in 721ms (next.js: 705ms, application-code: 17ms)
 POST /api/auth/signup 200 in 185ms (next.js: 6ms, application-code: 179ms)
 GET /deposit 200 in 97ms (next.js: 9ms, application-code: 89ms)
 GET /api/transactions?type=deposit&page=1 200 in 79ms (next.js: 10ms, application-code: 69ms)
 GET /api/support-settings 200 in 53ms (next.js: 27ms, application-code: 26ms)
 GET /api/wallet 200 in 59ms (next.js: 10ms, application-code: 49ms)
 GET /api/support-settings 200 in 65ms (next.js: 8ms, application-code: 57ms)
 POST /api/deposit 200 in 509ms (next.js: 389ms, application-code: 121ms)
[browser] Received NaN for the `children` attribute. If this is expected, cast the value to a string. 
    at validateProperty (file://C:/Users/Hamza Razzaq/Documents/test/.next/dev/static/chunks/node_modules_next_dist_compiled_react-dom_096_9a-._.js:2091:71)
    at warnUnknownProperties (file://C:/Users/Hamza Razzaq/Documents/test/.next/dev/static/chunks/node_modules_next_dist_compiled_react-dom_096_9a-._.js:2203:26)
    at validatePropertiesInDevelopment (file://C:/Users/Hamza Razzaq/Documents/test/.next/dev/static/chunks/node_modules_next_dist_compiled_react-dom_096_9a-._.js:10679:66)
    at updateProperties (file://C:/Users/Hamza Razzaq/Documents/test/.next/dev/static/chunks/node_modules_next_dist_compiled_react-dom_096_9a-._.js:11147:9)
    at commitUpdate (file://C:/Users/Hamza Razzaq/Documents/test/.next/dev/static/chunks/node_modules_next_dist_compiled_react-dom_096_9a-._.js:11894:9)
    at runWithFiberInDEV (file://C:/Users/Hamza Razzaq/Documents/test/.next/dev/static/chunks/node_modules_next_dist_compiled_react-dom_096_9a-._.js:965:74)
    at commitHostUpdate (file://C:/Users/Hamza Razzaq/Documents/test/.next/dev/static/chunks/node_modules_next_dist_compiled_react-dom_096_9a-._.js:7421:13)
    at commitMutationEffectsOnFiber (file://C:/Users/Hamza Razzaq/Documents/test/.next/dev/static/chunks/node_modules_next_dist_compiled_react-dom_096_9a-._.js:8298:100)
    at recursivelyTraverseMutationEffects (file://C:/Users/Hamza Razzaq/Documents/test/.next/dev/static/chunks/node_modules_next_dist_compiled_react-dom_096_9a-._.js:8205:106)
    at commitMutationEffectsOnFiber (file://C:/Users/Hamza Razzaq/Documents/test/.next/dev/static/chunks/node_modules_next_dist_compiled_react-dom_096_9a-._.js:8286:17)
    at recursivelyTraverseMutationEffects (file://C:/Users/Hamza Razzaq/Documents/test/.next/dev/static/chunks/node_modules_next_dist_compiled_react-dom_096_9a-._.js:8205:106)
    at commitMutationEffectsOnFiber (file://C:/Users/Hamza Razzaq/Documents/test/.next/dev/static/chunks/node_modules_next_dist_compiled_react-dom_096_9a-._.js:8286:17)
    at recursivelyTraverseMutationEffects (file://C:/Users/Hamza Razzaq/Documents/test/.next/dev/static/chunks/node_modules_next_dist_compiled_react-dom_096_9a-._.js:8205:106)
    at commitMutationEffectsOnFiber (file://C:/Users/Hamza Razzaq/Documents/test/.next/dev/static/chunks/node_modules_next_dist_compiled_react-dom_096_9a-._.js:8214:17)
    at recursivelyTraverseMutationEffects (file://C:/Users/Hamza Razzaq/Documents/test/.next/dev/static/chunks/node_modules_next_dist_compiled_react-dom_096_9a-._.js:8205:106)
    at commitMutationEffectsOnFiber (file://C:/Users/Hamza Razzaq/Documents/test/.next/dev/static/chunks/node_modules_next_dist_compiled_react-dom_096_9a-._.js:8286:17)
    at recursivelyTraverseMutationEffects (file://C:/Users/Hamza Razzaq/Documents/test/.next/dev/static/chunks/node_modules_next_dist_compiled_react-dom_096_9a-._.js:8205:106)
    at commitMutationEffectsOnFiber (file://C:/Users/Hamza Razzaq/Documents/test/.next/dev/static/chunks/node_modules_next_dist_compiled_react-dom_096_9a-._.js:8286:17)
    at recursivelyTraverseMutationEffects (file://C:/Users/Hamza Razzaq/Documents/test/.next/dev/static/chunks/node_modules_next_dist_compiled_react-dom_096_9a-._.js:8205:106)
    at commitMutationEffectsOnFiber (file://C:/Users/Hamza Razzaq/Documents/test/.next/dev/static/chunks/node_modules_next_dist_compiled_react-dom_096_9a-._.js:8214:17)
    at recursivelyTraverseMutationEffects (file://C:/Users/Hamza Razzaq/Documents/test/.next/dev/static/chunks/node_modules_next_dist_compiled_react-dom_096_9a-._.js:8205:106)
    at commitMutationEffectsOnFiber (file://C:/Users/Hamza Razzaq/Documents/test/.next/dev/static/chunks/node_modules_next_dist_compiled_react-dom_096_9a-._.js:8214:17)
    at recursivelyTraverseMutationEffects (file://C:/Users/Hamza Razzaq/Documents/test/.next/dev/static/chunks/node_modules_next_dist_compiled_react-dom_096_9a-._.js:8205:106)
    at commitMutationEffectsOnFiber (file://C:/Users/Hamza Razzaq/Documents/test/.next/dev/static/chunks/node_modules_next_dist_compiled_react-dom_096_9a-._.js:8214:17)
    at recursivelyTraverseMutationEffects (file://C:/Users/Hamza Razzaq/Documents/test/.next/dev/static/chunks/node_modules_next_dist_compiled_react-dom_096_9a-._.js:8205:106)
    at commitMutationEffectsOnFiber (file://C:/Users/Hamza Razzaq/Documents/test/.next/dev/static/chunks/node_modules_next_dist_compiled_react-dom_096_9a-._.js:8403:17)
    at recursivelyTraverseMutationEffects (file://C:/Users/Hamza Razzaq/Documents/test/.next/dev/static/chunks/node_modules_next_dist_compiled_react-dom_096_9a-._.js:8205:106)
    at commitMutationEffectsOnFiber (file://C:/Users/Hamza Razzaq/Documents/test/.next/dev/static/chunks/node_modules_next_dist_compiled_react-dom_096_9a-._.js:8403:17)
    at recursivelyTraverseMutationEffects (file://C:/Users/Hamza Razzaq/Documents/test/.next/dev/static/chunks/node_modules_next_dist_compiled_react-dom_096_9a-._.js:8205:106)
    at commitMutationEffectsOnFiber (file://C:/Users/Hamza Razzaq/Documents/test/.next/dev/static/chunks/node_modules_next_dist_compiled_react-dom_096_9a-._.js:8214:17)
    at recursivelyTraverseMutationEffects (file://C:/Users/Hamza Razzaq/Documents/test/.next/dev/static/chunks/node_modules_next_dist_compiled_react-dom_096_9a-._.js:8205:106)
    at commitMutationEffectsOnFiber (file://C:/Users/Hamza Razzaq/Documents/test/.next/dev/static/chunks/node_modules_next_dist_compiled_react-dom_096_9a-._.js:8219:17)
    at recursivelyTraverseMutationEffects (file://C:/Users/Hamza Razzaq/Documents/test/.next/dev/static/chunks/node_modules_next_dist_compiled_react-dom_096_9a-._.js:8205:106)
    at commitMutationEffectsOnFiber (file://C:/Users/Hamza Razzaq/Documents/test/.next/dev/static/chunks/node_modules_next_dist_compiled_react-dom_096_9a-._.js:8214:17)
    at recursivelyTraverseMutationEffects (file://C:/Users/Hamza Razzaq/Documents/test/.next/dev/static/chunks/node_modules_next_dist_compiled_react-dom_096_9a-._.js:8205:106)
    at commitMutationEffectsOnFiber (file://C:/Users/Hamza Razzaq/Documents/test/.next/dev/static/chunks/node_modules_next_dist_compiled_react-dom_096_9a-._.js:8214:17)
    at recursivelyTraverseMutationEffects (file://C:/Users/Hamza Razzaq/Documents/test/.next/dev/static/chunks/node_modules_next_dist_compiled_react-dom_096_9a-._.js:8205:106)
    at commitMutationEffectsOnFiber (file://C:/Users/Hamza Razzaq/Documents/test/.next/dev/static/chunks/node_modules_next_dist_compiled_react-dom_096_9a-._.js:8214:17)
    at recursivelyTraverseMutationEffects (file://C:/Users/Hamza Razzaq/Documents/test/.next/dev/static/chunks/node_modules_next_dist_compiled_react-dom_096_9a-._.js:8205:106)
    at commitMutationEffectsOnFiber (file://C:/Users/Hamza Razzaq/Documents/test/.next/dev/static/chunks/node_modules_next_dist_compiled_react-dom_096_9a-._.js:8214:17)
    at recursivelyTraverseMutationEffects (file://C:/Users/Hamza Razzaq/Documents/test/.next/dev/static/chunks/node_modules_next_dist_compiled_react-dom_096_9a-._.js:8205:106)
    at commitMutationEffectsOnFiber (file://C:/Users/Hamza Razzaq/Documents/test/.next/dev/static/chunks/node_modules_next_dist_compiled_react-dom_096_9a-._.js:8219:17)
    at recursivelyTraverseMutationEffects (file://C:/Users/Hamza Razzaq/Documents/test/.next/dev/static/chunks/node_modules_next_dist_compiled_react-dom_096_9a-._.js:8205:106)
    at commitMutationEffectsOnFiber (file://C:/Users/Hamza Razzaq/Documents/test/.next/dev/static/chunks/node_modules_next_dist_compiled_react-dom_096_9a-._.js:8214:17)
    at recursivelyTraverseMutationEffects (file://C:/Users/Hamza Razzaq/Documents/test/.next/dev/static/chunks/node_modules_next_dist_compiled_react-dom_096_9a-._.js:8205:106)
    at commitMutationEffectsOnFiber (file://C:/Users/Hamza Razzaq/Documents/test/.next/dev/static/chunks/node_modules_next_dist_compiled_react-dom_096_9a-._.js:8214:17)
    at recursivelyTraverseMutationEffects (file://C:/Users/Hamza Razzaq/Documents/test/.next/dev/static/chunks/node_modules_next_dist_compiled_react-dom_096_9a-._.js:8205:106)
    at commitMutationEffectsOnFiber (file://C:/Users/Hamza Razzaq/Documents/test/.next/dev/static/chunks/node_modules_next_dist_compiled_react-dom_096_9a-._.js:8403:17) (file://C:/Users/Hamza Razzaq/Documents/test/.next/dev/static/chunks/node_modules_next_dist_compiled_react-dom_096_9a-._.js:2091:71)
 GET / 200 in 357ms (next.js: 25ms, application-code: 332ms)
 GET / 200 in 282ms (next.js: 17ms, application-code: 265ms)
 GET /api/auth/me 401 in 152ms (next.js: 96ms, application-code: 56ms)
 GET /api/support-settings 200 in 91ms (next.js: 18ms, application-code: 72ms)
 GET / 200 in 242ms (next.js: 32ms, application-code: 210ms)
 GET /api/auth/me 200 in 56ms (next.js: 8ms, application-code: 48ms)
 GET /api/support-settings 200 in 44ms (next.js: 15ms, application-code: 29ms)
(node:3572) [MONGOOSE] Warning: mongoose: the `new` option for `findOneAndUpdate()` and `findOneAndReplace()` is deprecated. Use `returnDocument: 'after'` instead.
(Use `node --trace-warnings ...` to show where the warning was created)
 GET /api/game/state 200 in 1417ms (next.js: 1178ms, application-code: 239ms)
 GET /api/game/history 200 in 67ms (next.js: 10ms, application-code: 58ms)
 GET /api/game/state 200 in 81ms (next.js: 14ms, application-code: 66ms)
 GET /api/game/state 200 in 99ms (next.js: 15ms, application-code: 84ms)
 GET /api/game/state 200 in 89ms (next.js: 15ms, application-code: 74ms)
 GET /api/game/history 200 in 58ms (next.js: 14ms, application-code: 43ms)
(node:3572) [MONGOOSE] Warning: mongoose: the `new` option for `findOneAndUpdate()` and `findOneAndReplace()` is deprecated. Use `returnDocument: 'after'` instead.
 GET /api/game/state 200 in 93ms (next.js: 13ms, application-code: 80ms)
 GET /api/game/state 200 in 62ms (next.js: 13ms, application-code: 49ms)
 GET /api/game/history 200 in 53ms (next.js: 13ms, application-code: 40ms)
 GET /api/game/state 200 in 77ms (next.js: 16ms, application-code: 61ms)
 GET /api/game/state 200 in 35ms (next.js: 6ms, application-code: 29ms)
 GET /api/game/state 200 in 70ms (next.js: 14ms, application-code: 56ms)
 GET /api/game/state 200 in 99ms (next.js: 14ms, application-code: 84ms)
 GET /api/game/history 200 in 80ms (next.js: 19ms, application-code: 61ms)
(node:3572) [MONGOOSE] Warning: mongoose: the `new` option for `findOneAndUpdate()` and `findOneAndReplace()` is deprecated. Use `returnDocument: 'after'` instead.
 GET /api/game/state 200 in 79ms (next.js: 11ms, application-code: 68ms)
 GET /api/game/history 200 in 33ms (next.js: 10ms, application-code: 23ms)
 GET /api/game/state 200 in 101ms (next.js: 20ms, application-code: 81ms)
 GET /api/game/state 200 in 244ms (next.js: 16ms, application-code: 228ms)
 GET /crash 200 in 197ms (next.js: 51ms, application-code: 146ms)
 GET /api/wallet 200 in 174ms (next.js: 22ms, application-code: 152ms)
 GET /api/game/history 200 in 102ms (next.js: 15ms, application-code: 88ms)
 GET /api/wallet 200 in 59ms (next.js: 14ms, application-code: 46ms)
 GET /api/game/history 200 in 76ms (next.js: 18ms, application-code: 58ms)
 GET /api/game/state 200 in 85ms (next.js: 17ms, application-code: 69ms)
 GET /api/game/history 200 in 51ms (next.js: 15ms, application-code: 36ms)
(node:3572) [MONGOOSE] Warning: mongoose: the `new` option for `findOneAndUpdate()` and `findOneAndReplace()` is deprecated. Use `returnDocument: 'after'` instead.
 GET /api/game/state 200 in 146ms (next.js: 14ms, application-code: 132ms)
 GET /api/game/state 200 in 86ms (next.js: 16ms, application-code: 70ms)
 GET /api/game/history 200 in 82ms (next.js: 17ms, application-code: 65ms)
 GET /api/game/state 200 in 57ms (next.js: 11ms, application-code: 46ms)
 GET /api/game/state 200 in 37ms (next.js: 7ms, application-code: 30ms)
 GET /api/game/state 200 in 53ms (next.js: 11ms, application-code: 42ms)
 GET /api/game/state 200 in 82ms (next.js: 13ms, application-code: 69ms)
 GET /api/game/state 200 in 49ms (next.js: 6ms, application-code: 43ms)
 GET /api/game/history 200 in 30ms (next.js: 8ms, application-code: 23ms)
 GET /api/game/state 200 in 49ms (next.js: 6ms, application-code: 43ms)
 GET /api/game/state 200 in 48ms (next.js: 11ms, application-code: 37ms)
 GET /api/game/history 200 in 36ms (next.js: 9ms, application-code: 28ms)
(node:3572) [MONGOOSE] Warning: mongoose: the `new` option for `findOneAndUpdate()` and `findOneAndReplace()` is deprecated. Use `returnDocument: 'after'` instead.
 GET /api/game/state 200 in 96ms (next.js: 8ms, application-code: 89ms)
 GET /api/game/state 200 in 81ms (next.js: 17ms, application-code: 64ms)
 GET /api/game/state 200 in 58ms (next.js: 8ms, application-code: 49ms)
 GET /api/game/history 200 in 36ms (next.js: 8ms, application-code: 28ms)
 GET /api/game/state 200 in 88ms (next.js: 15ms, application-code: 73ms)
 GET /api/game/state 200 in 50ms (next.js: 12ms, application-code: 39ms)
 GET /api/game/state 200 in 100ms (next.js: 29ms, application-code: 71ms)
 GET /api/game/state 200 in 103ms (next.js: 17ms, application-code: 86ms)
 GET /api/game/state 200 in 81ms (next.js: 16ms, application-code: 65ms)
 GET /api/game/history 200 in 62ms (next.js: 17ms, application-code: 45ms)
 GET /api/game/state 200 in 100ms (next.js: 16ms, application-code: 83ms)
 GET /api/game/history 200 in 43ms (next.js: 11ms, application-code: 32ms)
 GET /api/game/state 200 in 63ms (next.js: 11ms, application-code: 53ms)
 GET /api/game/history 200 in 38ms (next.js: 15ms, application-code: 23ms)
(node:3572) [MONGOOSE] Warning: mongoose: the `new` option for `findOneAndUpdate()` and `findOneAndReplace()` is deprecated. Use `returnDocument: 'after'` instead.
 GET /api/game/state 200 in 140ms (next.js: 16ms, application-code: 124ms)
 GET /api/game/state 200 in 51ms (next.js: 9ms, application-code: 42ms)
 GET /api/game/state 200 in 87ms (next.js: 14ms, application-code: 73ms)
 GET /api/game/history 200 in 57ms (next.js: 14ms, application-code: 43ms)
 GET /api/game/state 200 in 39ms (next.js: 7ms, application-code: 32ms)
 GET /api/game/state 200 in 98ms (next.js: 18ms, application-code: 80ms)
 GET /api/game/state 200 in 99ms (next.js: 19ms, application-code: 80ms)
 GET /api/game/state 200 in 65ms (next.js: 13ms, application-code: 52ms)
 GET /api/game/history 200 in 63ms (next.js: 18ms, application-code: 45ms)
(node:3572) [MONGOOSE] Warning: mongoose: the `new` option for `findOneAndUpdate()` and `findOneAndReplace()` is deprecated. Use `returnDocument: 'after'` instead.
 GET /api/game/state 200 in 187ms (next.js: 20ms, application-code: 168ms)
 GET /api/game/history 200 in 74ms (next.js: 41ms, application-code: 33ms)
 GET /api/game/state 200 in 49ms (next.js: 11ms, application-code: 37ms)
 GET /api/game/state 200 in 51ms (next.js: 10ms, application-code: 41ms)
 GET /api/game/state 200 in 117ms (next.js: 17ms, application-code: 100ms)
 GET /api/game/state 200 in 50ms (next.js: 9ms, application-code: 41ms)
 GET /api/game/history 200 in 37ms (next.js: 12ms, application-code: 25ms)
(node:3572) [MONGOOSE] Warning: mongoose: the `new` option for `findOneAndUpdate()` and `findOneAndReplace()` is deprecated. Use `returnDocument: 'after'` instead.
 GET /api/game/state 200 in 98ms (next.js: 10ms, application-code: 88ms)
 GET /api/game/history 200 in 35ms (next.js: 8ms, application-code: 26ms)
 GET /api/game/state 200 in 53ms (next.js: 10ms, application-code: 43ms)
 GET /api/game/state 200 in 66ms (next.js: 16ms, application-code: 50ms)
 GET /api/game/state 200 in 47ms (next.js: 11ms, application-code: 36ms)
 GET /api/game/history 200 in 33ms (next.js: 8ms, application-code: 25ms)
(node:3572) [MONGOOSE] Warning: mongoose: the `new` option for `findOneAndUpdate()` and `findOneAndReplace()` is deprecated. Use `returnDocument: 'after'` instead.
 GET /api/game/state 200 in 165ms (next.js: 18ms, application-code: 147ms)
 GET /api/game/state 200 in 94ms (next.js: 18ms, application-code: 76ms)
 GET /api/game/history 200 in 64ms (next.js: 19ms, application-code: 46ms)
 GET /api/game/state 200 in 86ms (next.js: 15ms, application-code: 71ms)
 GET /api/game/state 200 in 67ms (next.js: 20ms, application-code: 47ms)
 GET /api/game/state 200 in 51ms (next.js: 7ms, application-code: 44ms)
 GET /api/game/history 200 in 35ms (next.js: 8ms, application-code: 27ms)
 GET /api/game/state 200 in 75ms (next.js: 14ms, application-code: 61ms)
 GET /api/game/history 200 in 59ms (next.js: 13ms, application-code: 46ms)
(node:3572) [MONGOOSE] Warning: mongoose: the `new` option for `findOneAndUpdate()` and `findOneAndReplace()` is deprecated. Use `returnDocument: 'after'` instead.
 GET /api/game/state 200 in 75ms (next.js: 10ms, application-code: 65ms)
 GET /api/game/history 200 in 33ms (next.js: 9ms, application-code: 24ms)
 GET /api/game/state 200 in 72ms (next.js: 14ms, application-code: 58ms)
 GET /api/game/state 200 in 48ms (next.js: 10ms, application-code: 38ms)
 GET /api/game/state 200 in 57ms (next.js: 16ms, application-code: 41ms)
 GET /api/game/history 200 in 39ms (next.js: 8ms, application-code: 31ms)
 GET /api/game/state 200 in 51ms (next.js: 11ms, application-code: 40ms)
 GET /api/game/history 200 in 39ms (next.js: 11ms, application-code: 27ms)
(node:3572) [MONGOOSE] Warning: mongoose: the `new` option for `findOneAndUpdate()` and `findOneAndReplace()` is deprecated. Use `returnDocument: 'after'` instead.
 GET /api/game/state 200 in 89ms (next.js: 8ms, application-code: 81ms)
 GET /api/game/history 200 in 37ms (next.js: 7ms, application-code: 30ms)
 GET /api/game/state 200 in 47ms (next.js: 9ms, application-code: 37ms)
 GET /api/game/state 200 in 58ms (next.js: 16ms, application-code: 42ms)
 GET /api/game/state 200 in 93ms (next.js: 17ms, application-code: 76ms)
 GET /api/game/history 200 in 35ms (next.js: 9ms, application-code: 26ms)
(node:3572) [MONGOOSE] Warning: mongoose: the `new` option for `findOneAndUpdate()` and `findOneAndReplace()` is deprecated. Use `returnDocument: 'after'` instead.
 GET /api/game/state 200 in 124ms (next.js: 13ms, application-code: 111ms)
 GET /api/game/state 200 in 67ms (next.js: 12ms, application-code: 55ms)
 GET /api/game/history 200 in 46ms (next.js: 10ms, application-code: 35ms)
 GET /api/game/state 200 in 44ms (next.js: 8ms, application-code: 36ms)
 GET /api/game/state 200 in 70ms (next.js: 18ms, application-code: 52ms)
 GET /api/game/state 200 in 49ms (next.js: 11ms, application-code: 38ms)
 GET /api/game/history 200 in 42ms (next.js: 8ms, application-code: 34ms)
(node:3572) [MONGOOSE] Warning: mongoose: the `new` option for `findOneAndUpdate()` and `findOneAndReplace()` is deprecated. Use `returnDocument: 'after'` instead.
 GET /api/game/state 200 in 71ms (next.js: 8ms, application-code: 62ms)
 GET /api/game/state 200 in 76ms (next.js: 13ms, application-code: 63ms)
 GET /api/game/history 200 in 53ms (next.js: 14ms, application-code: 39ms)
 GET /api/game/state 200 in 83ms (next.js: 19ms, application-code: 63ms)
 GET /api/game/state 200 in 50ms (next.js: 12ms, application-code: 39ms)
 GET /api/game/state 200 in 51ms (next.js: 8ms, application-code: 43ms)
 GET /api/game/history 200 in 58ms (next.js: 13ms, application-code: 45ms)
(node:3572) [MONGOOSE] Warning: mongoose: the `new` option for `findOneAndUpdate()` and `findOneAndReplace()` is deprecated. Use `returnDocument: 'after'` instead.
 GET /api/game/state 200 in 148ms (next.js: 12ms, application-code: 136ms)
 GET /api/game/state 200 in 70ms (next.js: 19ms, application-code: 51ms)
 GET /api/game/history 200 in 37ms (next.js: 10ms, application-code: 27ms)
 GET /api/game/state 200 in 73ms (next.js: 16ms, application-code: 58ms)
 GET /api/game/state 200 in 49ms (next.js: 10ms, application-code: 39ms)
 GET /api/game/state 200 in 84ms (next.js: 14ms, application-code: 70ms)
 GET /api/game/history 200 in 61ms (next.js: 14ms, application-code: 47ms)
 GET /api/game/state 200 in 171ms (next.js: 23ms, application-code: 148ms)
 GET /api/game/history 200 in 35ms (next.js: 9ms, application-code: 26ms)
(node:3572) [MONGOOSE] Warning: mongoose: the `new` option for `findOneAndUpdate()` and `findOneAndReplace()` is deprecated. Use `returnDocument: 'after'` instead.
 GET /api/game/state 200 in 111ms (next.js: 10ms, application-code: 101ms)
 GET /api/game/history 200 in 45ms (next.js: 14ms, application-code: 32ms)
 GET /api/game/state 200 in 50ms (next.js: 8ms, application-code: 42ms)
 GET /api/game/state 200 in 98ms (next.js: 18ms, application-code: 80ms)
 GET /api/game/state 200 in 78ms (next.js: 14ms, application-code: 64ms)
 GET /api/game/state 200 in 59ms (next.js: 12ms, application-code: 47ms)
 GET /api/game/state 200 in 86ms (next.js: 15ms, application-code: 71ms)
 GET /api/game/history 200 in 64ms (next.js: 14ms, application-code: 50ms)
 GET /api/game/state 200 in 51ms (next.js: 9ms, application-code: 42ms)
 GET /api/game/state 200 in 52ms (next.js: 8ms, application-code: 44ms)
 GET /api/game/state 200 in 51ms (next.js: 14ms, application-code: 37ms)
 GET /api/game/state 200 in 82ms (next.js: 15ms, application-code: 68ms)
 GET /api/game/state 200 in 122ms (next.js: 16ms, application-code: 105ms)
 GET /api/game/history 200 in 60ms (next.js: 16ms, application-code: 45ms)
 GET /api/game/state 200 in 83ms (next.js: 13ms, application-code: 70ms)
 GET /api/game/state 200 in 67ms (next.js: 17ms, application-code: 50ms)
 GET /api/game/state 200 in 82ms (next.js: 12ms, application-code: 70ms)
 GET /api/game/state 200 in 79ms (next.js: 19ms, application-code: 60ms)
 GET /api/game/state 200 in 59ms (next.js: 10ms, application-code: 49ms)
 GET /api/game/history 200 in 39ms (next.js: 9ms, application-code: 30ms)
 GET /api/game/state 200 in 101ms (next.js: 14ms, application-code: 87ms)
 GET /api/game/state 200 in 49ms (next.js: 7ms, application-code: 42ms)
 GET /api/game/state 200 in 83ms (next.js: 13ms, application-code: 70ms)
 GET /api/game/state 200 in 48ms (next.js: 11ms, application-code: 37ms)
 GET /login 200 in 422ms (next.js: 21ms, application-code: 400ms)
 GET /api/support-settings 200 in 69ms (next.js: 8ms, application-code: 61ms)
 GET /api/game/state 200 in 84ms (next.js: 16ms, application-code: 67ms)
 GET /api/game/history 200 in 62ms (next.js: 14ms, application-code: 48ms)
 GET /api/game/state 200 in 101ms (next.js: 18ms, application-code: 83ms)
 GET /api/game/history 200 in 92ms (next.js: 38ms, application-code: 54ms)
(node:3572) [MONGOOSE] Warning: mongoose: the `new` option for `findOneAndUpdate()` and `findOneAndReplace()` is deprecated. Use `returnDocument: 'after'` instead.
 GET /api/game/state 200 in 156ms (next.js: 18ms, application-code: 138ms)
 GET /api/game/state 200 in 103ms (next.js: 16ms, application-code: 86ms)
 GET /api/game/state 200 in 47ms (next.js: 9ms, application-code: 38ms)
 GET /api/game/state 200 in 55ms (next.js: 9ms, application-code: 46ms)
 GET /api/game/history 200 in 38ms (next.js: 12ms, application-code: 26ms)
 GET /api/game/state 200 in 61ms (next.js: 14ms, application-code: 47ms)
 GET /api/game/history 200 in 45ms (next.js: 8ms, application-code: 37ms)
(node:3572) [MONGOOSE] Warning: mongoose: the `new` option for `findOneAndUpdate()` and `findOneAndReplace()` is deprecated. Use `returnDocument: 'after'` instead.
 GET /api/game/state 200 in 110ms (next.js: 20ms, application-code: 89ms)
 GET /api/game/state 200 in 85ms (next.js: 16ms, application-code: 69ms)
 GET /api/game/state 200 in 51ms (next.js: 9ms, application-code: 42ms)
 GET /api/game/state 200 in 51ms (next.js: 8ms, application-code: 43ms)
 GET /api/game/history 200 in 31ms (next.js: 7ms, application-code: 24ms)
 GET /api/game/state 200 in 50ms (next.js: 8ms, application-code: 41ms)
 GET /api/game/state 200 in 47ms (next.js: 8ms, application-code: 39ms)
 GET /api/game/history 200 in 23ms (next.js: 7ms, application-code: 16ms)
(node:3572) [MONGOOSE] Warning: mongoose: the `new` option for `findOneAndUpdate()` and `findOneAndReplace()` is deprecated. Use `returnDocument: 'after'` instead.
 GET /api/game/state 200 in 78ms (next.js: 7ms, application-code: 71ms)
 GET /api/game/state 200 in 46ms (next.js: 9ms, application-code: 37ms)
 GET /api/game/state 200 in 59ms (next.js: 8ms, application-code: 52ms)
 GET /api/game/history 200 in 27ms (next.js: 9ms, application-code: 18ms)
 GET /api/game/state 200 in 50ms (next.js: 7ms, application-code: 43ms)
 GET /api/game/history 200 in 33ms (next.js: 8ms, application-code: 25ms)
 GET /api/game/state 200 in 94ms (next.js: 22ms, application-code: 72ms)
 GET /api/game/history 200 in 66ms (next.js: 17ms, application-code: 50ms)
(node:3572) [MONGOOSE] Warning: mongoose: the `new` option for `findOneAndUpdate()` and `findOneAndReplace()` is deprecated. Use `returnDocument: 'after'` instead.
 GET /api/game/state 200 in 185ms (next.js: 74ms, application-code: 112ms)
 GET /api/game/state 200 in 51ms (next.js: 9ms, application-code: 42ms)
 GET /api/game/state 200 in 89ms (next.js: 17ms, application-code: 72ms)
 GET /api/game/history 200 in 35ms (next.js: 6ms, application-code: 29ms)
 GET /api/game/state 200 in 88ms (next.js: 16ms, application-code: 72ms)
 GET /api/game/state 200 in 101ms (next.js: 36ms, application-code: 65ms)
 GET /api/game/state 200 in 50ms (next.js: 10ms, application-code: 40ms)
 GET /api/game/history 200 in 33ms (next.js: 7ms, application-code: 26ms)
 GET /api/game/state 200 in 45ms (next.js: 10ms, application-code: 35ms)
 GET /api/game/history 200 in 25ms (next.js: 7ms, application-code: 18ms)
(node:3572) [MONGOOSE] Warning: mongoose: the `new` option for `findOneAndUpdate()` and `findOneAndReplace()` is deprecated. Use `returnDocument: 'after'` instead.
 GET /api/game/state 200 in 95ms (next.js: 14ms, application-code: 81ms)
 GET /api/game/history 200 in 35ms (next.js: 10ms, application-code: 25ms)
 GET /api/game/state 200 in 77ms (next.js: 23ms, application-code: 53ms)
 GET /api/game/state 200 in 48ms (next.js: 8ms, application-code: 40ms)
 GET /api/game/state 200 in 113ms (next.js: 70ms, application-code: 43ms)
 GET /api/game/state 200 in 38ms (next.js: 9ms, application-code: 29ms)
 GET /api/game/state 200 in 39ms (next.js: 8ms, application-code: 31ms)
 GET /api/game/history 200 in 31ms (next.js: 9ms, application-code: 22ms)
 GET /api/game/state 200 in 91ms (next.js: 37ms, application-code: 55ms)
 GET /api/game/state 200 in 48ms (next.js: 7ms, application-code: 42ms)
 GET /api/game/state 200 in 99ms (next.js: 23ms, application-code: 76ms)
 GET /api/game/state 200 in 93ms (next.js: 21ms, application-code: 72ms)
 GET /api/game/state 200 in 121ms (next.js: 27ms, application-code: 94ms)
 GET /api/game/history 200 in 42ms (next.js: 8ms, application-code: 34ms)
 GET /api/game/state 200 in 86ms (next.js: 15ms, application-code: 72ms)
 GET /api/game/state 200 in 59ms (next.js: 21ms, application-code: 38ms)
 GET /api/game/state 200 in 99ms (next.js: 20ms, application-code: 79ms)
 GET /api/game/history 200 in 72ms (next.js: 23ms, application-code: 50ms)
(node:3572) [MONGOOSE] Warning: mongoose: the `new` option for `findOneAndUpdate()` and `findOneAndReplace()` is deprecated. Use `returnDocument: 'after'` instead.
 GET /api/game/state 200 in 142ms (next.js: 18ms, application-code: 124ms)
 GET /api/game/state 200 in 49ms (next.js: 9ms, application-code: 40ms)
 GET /api/game/history 200 in 53ms (next.js: 7ms, application-code: 46ms)
 GET /api/game/state 200 in 84ms (next.js: 15ms, application-code: 68ms)
 GET /api/game/state 200 in 68ms (next.js: 14ms, application-code: 54ms)
 GET /api/game/state 200 in 126ms (next.js: 74ms, application-code: 52ms)
 GET /api/game/state 200 in 108ms (next.js: 18ms, application-code: 90ms)
 GET /api/game/state 200 in 86ms (next.js: 15ms, application-code: 71ms)
 GET /api/game/history 200 in 63ms (next.js: 15ms, application-code: 48ms)
 GET /api/game/state 200 in 84ms (next.js: 15ms, application-code: 69ms)
 GET /api/game/state 200 in 110ms (next.js: 14ms, application-code: 97ms)
 GET /api/game/state 200 in 108ms (next.js: 17ms, application-code: 90ms)
 GET /api/game/state 200 in 54ms (next.js: 7ms, application-code: 47ms)
 GET /api/game/state 200 in 35ms (next.js: 8ms, application-code: 27ms)
 GET /api/game/history 200 in 28ms (next.js: 8ms, application-code: 20ms)
 GET /api/game/state 200 in 97ms (next.js: 26ms, application-code: 72ms)
 GET /api/game/state 200 in 53ms (next.js: 17ms, application-code: 37ms)
 GET /api/game/state 200 in 49ms (next.js: 9ms, application-code: 40ms)
 GET /api/game/history 200 in 29ms (next.js: 7ms, application-code: 23ms)
(node:3572) [MONGOOSE] Warning: mongoose: the `new` option for `findOneAndUpdate()` and `findOneAndReplace()` is deprecated. Use `returnDocument: 'after'` instead.
 GET /api/game/state 200 in 77ms (next.js: 9ms, application-code: 69ms)
 GET /api/game/state 200 in 51ms (next.js: 7ms, application-code: 44ms)
 GET /api/game/history 200 in 29ms (next.js: 7ms, application-code: 22ms)
 GET /api/game/state 200 in 80ms (next.js: 19ms, application-code: 61ms)
 GET /api/game/state 200 in 82ms (next.js: 15ms, application-code: 67ms)
 GET /api/game/state 200 in 81ms (next.js: 14ms, application-code: 67ms)
 GET /api/game/state 200 in 63ms (next.js: 12ms, application-code: 51ms)
 GET /api/game/state 200 in 68ms (next.js: 13ms, application-code: 55ms)
 GET /api/game/history 200 in 53ms (next.js: 12ms, application-code: 41ms)
 GET /api/game/state 200 in 100ms (next.js: 15ms, application-code: 85ms)
 GET /api/game/state 200 in 62ms (next.js: 13ms, application-code: 48ms)
 GET /api/game/state 200 in 81ms (next.js: 14ms, application-code: 68ms)
 GET /api/game/state 200 in 80ms (next.js: 17ms, application-code: 64ms)
 GET /api/game/history 200 in 51ms (next.js: 12ms, application-code: 39ms)
(node:3572) [MONGOOSE] Warning: mongoose: the `new` option for `findOneAndUpdate()` and `findOneAndReplace()` is deprecated. Use `returnDocument: 'after'` instead.
 GET /api/game/state 200 in 70ms (next.js: 6ms, application-code: 64ms)
 GET /api/game/history 200 in 31ms (next.js: 7ms, application-code: 25ms)
 GET /api/game/state 200 in 86ms (next.js: 13ms, application-code: 73ms)
 GET /api/game/state 200 in 36ms (next.js: 9ms, application-code: 27ms)
 GET /api/game/state 200 in 100ms (next.js: 25ms, application-code: 75ms)
 GET /api/game/state 200 in 48ms (next.js: 7ms, application-code: 41ms)
 GET /api/game/history 200 in 29ms (next.js: 7ms, application-code: 22ms)
(node:3572) [MONGOOSE] Warning: mongoose: the `new` option for `findOneAndUpdate()` and `findOneAndReplace()` is deprecated. Use `returnDocument: 'after'` instead.
 GET /api/game/state 200 in 77ms (next.js: 6ms, application-code: 71ms)
 GET /api/game/history 200 in 33ms (next.js: 8ms, application-code: 25ms)
 GET /api/game/state 200 in 111ms (next.js: 16ms, application-code: 95ms)
 GET /api/game/state 200 in 95ms (next.js: 17ms, application-code: 78ms)
 GET /api/game/state 200 in 107ms (next.js: 17ms, application-code: 90ms)
 GET /api/game/history 200 in 80ms (next.js: 32ms, application-code: 48ms)
(node:3572) [MONGOOSE] Warning: mongoose: the `new` option for `findOneAndUpdate()` and `findOneAndReplace()` is deprecated. Use `returnDocument: 'after'` instead.
 GET /api/game/state 200 in 164ms (next.js: 19ms, application-code: 145ms)
 GET /api/game/state 200 in 85ms (next.js: 17ms, application-code: 68ms)
 GET /api/game/history 200 in 70ms (next.js: 16ms, application-code: 54ms)
 GET /api/game/state 200 in 64ms (next.js: 11ms, application-code: 53ms)
 GET /api/game/state 200 in 96ms (next.js: 39ms, application-code: 57ms)
 GET /api/game/state 200 in 82ms (next.js: 14ms, application-code: 67ms)
 GET /api/game/state 200 in 40ms (next.js: 7ms, application-code: 33ms)
 GET /api/game/history 200 in 33ms (next.js: 7ms, application-code: 25ms)
(node:3572) [MONGOOSE] Warning: mongoose: the `new` option for `findOneAndUpdate()` and `findOneAndReplace()` is deprecated. Use `returnDocument: 'after'` instead.
 GET /api/game/state 200 in 167ms (next.js: 16ms, application-code: 151ms)
 GET /api/game/history 200 in 62ms (next.js: 17ms, application-code: 45ms)
 GET /api/game/state 200 in 49ms (next.js: 7ms, application-code: 42ms)
 GET /api/game/state 200 in 82ms (next.js: 12ms, application-code: 69ms)
 GET /api/game/state 200 in 66ms (next.js: 12ms, application-code: 53ms)
 GET /api/game/state 200 in 74ms (next.js: 14ms, application-code: 59ms)
 GET /api/game/history 200 in 51ms (next.js: 14ms, application-code: 37ms)
(node:3572) [MONGOOSE] Warning: mongoose: the `new` option for `findOneAndUpdate()` and `findOneAndReplace()` is deprecated. Use `returnDocument: 'after'` instead.
 GET /api/game/state 200 in 108ms (next.js: 18ms, application-code: 91ms)
 GET /api/game/history 200 in 41ms (next.js: 14ms, application-code: 26ms)
 GET /api/game/state 200 in 47ms (next.js: 10ms, application-code: 38ms)
 GET /api/game/state 200 in 67ms (next.js: 13ms, application-code: 55ms)
 GET /api/game/state 200 in 69ms (next.js: 10ms, application-code: 58ms)
 GET /api/game/state 200 in 71ms (next.js: 14ms, application-code: 57ms)
 GET /api/game/state 200 in 97ms (next.js: 17ms, application-code: 80ms)
 GET /api/game/history 200 in 68ms (next.js: 16ms, application-code: 53ms)
 GET /api/game/state 200 in 75ms (next.js: 14ms, application-code: 60ms)
 GET /api/game/history 200 in 58ms (next.js: 15ms, application-code: 43ms)
(node:3572) [MONGOOSE] Warning: mongoose: the `new` option for `findOneAndUpdate()` and `findOneAndReplace()` is deprecated. Use `returnDocument: 'after'` instead.
 GET /api/game/state 200 in 132ms (next.js: 13ms, application-code: 119ms)
 GET /api/game/state 200 in 58ms (next.js: 17ms, application-code: 41ms)
 GET /api/game/state 200 in 83ms (next.js: 16ms, application-code: 67ms)
 GET /api/game/state 200 in 81ms (next.js: 18ms, application-code: 62ms)
 GET /api/game/history 200 in 51ms (next.js: 11ms, application-code: 40ms)
 GET /api/game/state 200 in 67ms (next.js: 13ms, application-code: 54ms)
 GET /api/game/history 200 in 49ms (next.js: 13ms, application-code: 36ms)
(node:3572) [MONGOOSE] Warning: mongoose: the `new` option for `findOneAndUpdate()` and `findOneAndReplace()` is deprecated. Use `returnDocument: 'after'` instead.
 GET /api/game/state 200 in 141ms (next.js: 14ms, application-code: 127ms)
 GET /api/game/state 200 in 50ms (next.js: 8ms, application-code: 42ms)
 GET /api/game/state 200 in 85ms (next.js: 20ms, application-code: 65ms)
 GET /api/game/state 200 in 83ms (next.js: 14ms, application-code: 69ms)
 GET /api/game/history 200 in 55ms (next.js: 13ms, application-code: 42ms)
 GET /api/game/state 200 in 82ms (next.js: 19ms, application-code: 63ms)
 GET /api/game/history 200 in 52ms (next.js: 15ms, application-code: 37ms)
(node:3572) [MONGOOSE] Warning: mongoose: the `new` option for `findOneAndUpdate()` and `findOneAndReplace()` is deprecated. Use `returnDocument: 'after'` instead.
 GET /api/game/state 200 in 121ms (next.js: 17ms, application-code: 104ms)
 GET /api/game/state 200 in 50ms (next.js: 8ms, application-code: 42ms)
 GET /api/game/state 200 in 50ms (next.js: 9ms, application-code: 41ms)
 GET /api/game/history 200 in 36ms (next.js: 9ms, application-code: 28ms)
 GET /api/game/state 200 in 69ms (next.js: 12ms, application-code: 57ms)
 GET /api/game/history 200 in 47ms (next.js: 12ms, application-code: 35ms)
(node:3572) [MONGOOSE] Warning: mongoose: the `new` option for `findOneAndUpdate()` and `findOneAndReplace()` is deprecated. Use `returnDocument: 'after'` instead.
 GET /api/game/state 200 in 130ms (next.js: 14ms, application-code: 116ms)
 GET /api/game/state 200 in 40ms (next.js: 6ms, application-code: 34ms)
 GET /api/game/state 200 in 83ms (next.js: 13ms, application-code: 70ms)
 GET /api/game/state 200 in 48ms (next.js: 7ms, application-code: 41ms)
 GET /api/game/state 200 in 83ms (next.js: 16ms, application-code: 67ms)
 GET /api/game/history 200 in 57ms (next.js: 13ms, application-code: 44ms)
(node:3572) [MONGOOSE] Warning: mongoose: the `new` option for `findOneAndUpdate()` and `findOneAndReplace()` is deprecated. Use `returnDocument: 'after'` instead.
 GET /api/game/state 200 in 146ms (next.js: 18ms, application-code: 128ms)
 GET /api/game/state 200 in 50ms (next.js: 9ms, application-code: 41ms)
 GET /api/game/state 200 in 73ms (next.js: 14ms, application-code: 59ms)
 GET /api/game/state 200 in 89ms (next.js: 17ms, application-code: 72ms)
 GET /api/game/history 200 in 60ms (next.js: 15ms, application-code: 45ms)
(node:3572) [MONGOOSE] Warning: mongoose: the `new` option for `findOneAndUpdate()` and `findOneAndReplace()` is deprecated. Use `returnDocument: 'after'` instead.
 GET /api/game/state 200 in 138ms (next.js: 18ms, application-code: 120ms)
 GET /api/game/history 200 in 73ms (next.js: 17ms, application-code: 56ms)
 GET /api/game/state 200 in 88ms (next.js: 17ms, application-code: 70ms)
 GET /api/game/state 200 in 71ms (next.js: 13ms, application-code: 58ms)
 GET /api/game/state 200 in 93ms (next.js: 15ms, application-code: 78ms)
 GET /api/game/state 200 in 82ms (next.js: 17ms, application-code: 65ms)
 GET /api/game/state 200 in 50ms (next.js: 11ms, application-code: 39ms)
 GET /api/game/history 200 in 36ms (next.js: 9ms, application-code: 27ms)
 GET /api/game/state 200 in 86ms (next.js: 18ms, application-code: 68ms)
 GET /api/game/state 200 in 50ms (next.js: 8ms, application-code: 41ms)
 GET /api/game/state 200 in 86ms (next.js: 14ms, application-code: 72ms)
 GET /api/game/history 200 in 55ms (next.js: 14ms, application-code: 41ms)
(node:3572) [MONGOOSE] Warning: mongoose: the `new` option for `findOneAndUpdate()` and `findOneAndReplace()` is deprecated. Use `returnDocument: 'after'` instead.
 GET /api/game/state 200 in 80ms (next.js: 8ms, application-code: 72ms)
 GET /api/game/state 200 in 102ms (next.js: 14ms, application-code: 87ms)
 GET /api/game/history 200 in 69ms (next.js: 18ms, application-code: 51ms)
 GET /api/game/state 200 in 101ms (next.js: 17ms, application-code: 84ms)
 GET /api/game/state 200 in 80ms (next.js: 14ms, application-code: 66ms)
 GET /api/game/history 200 in 56ms (next.js: 13ms, application-code: 43ms)
(node:3572) [MONGOOSE] Warning: mongoose: the `new` option for `findOneAndUpdate()` and `findOneAndReplace()` is deprecated. Use `returnDocument: 'after'` instead.
 GET /api/game/state 200 in 140ms (next.js: 14ms, application-code: 125ms)
 GET /api/game/state 200 in 83ms (next.js: 14ms, application-code: 69ms)
 GET /api/game/state 200 in 90ms (next.js: 14ms, application-code: 76ms)
 GET /api/game/history 200 in 74ms (next.js: 19ms, application-code: 55ms)
 GET /api/game/state 200 in 94ms (next.js: 14ms, application-code: 79ms)
 GET /api/game/history 200 in 42ms (next.js: 15ms, application-code: 27ms)
(node:3572) [MONGOOSE] Warning: mongoose: the `new` option for `findOneAndUpdate()` and `findOneAndReplace()` is deprecated. Use `returnDocument: 'after'` instead.
 GET /api/game/state 200 in 174ms (next.js: 19ms, application-code: 155ms)
 GET /api/game/state 200 in 67ms (next.js: 15ms, application-code: 53ms)
 GET /api/game/state 200 in 82ms (next.js: 15ms, application-code: 67ms)
 GET /api/game/history 200 in 58ms (next.js: 16ms, application-code: 42ms)
 GET /api/game/state 200 in 36ms (next.js: 7ms, application-code: 29ms)
 GET /api/game/history 200 in 27ms (next.js: 6ms, application-code: 21ms)
(node:3572) [MONGOOSE] Warning: mongoose: the `new` option for `findOneAndUpdate()` and `findOneAndReplace()` is deprecated. Use `returnDocument: 'after'` instead.
 GET /api/game/state 200 in 97ms (next.js: 6ms, application-code: 91ms)
 GET /api/game/state 200 in 83ms (next.js: 16ms, application-code: 68ms)
 GET /api/game/state 200 in 82ms (next.js: 15ms, application-code: 67ms)
 GET /api/game/state 200 in 83ms (next.js: 15ms, application-code: 68ms)
 GET /api/game/state 200 in 52ms (next.js: 6ms, application-code: 46ms)
 GET /api/game/history 200 in 29ms (next.js: 6ms, application-code: 22ms)
 GET /api/game/state 200 in 42ms (next.js: 8ms, application-code: 34ms)
 GET /api/game/history 200 in 29ms (next.js: 7ms, application-code: 22ms)
(node:3572) [MONGOOSE] Warning: mongoose: the `new` option for `findOneAndUpdate()` and `findOneAndReplace()` is deprecated. Use `returnDocument: 'after'` instead.
 GET /api/game/state 200 in 152ms (next.js: 16ms, application-code: 136ms)
 GET /api/game/state 200 in 103ms (next.js: 14ms, application-code: 89ms)
 GET /api/game/state 200 in 91ms (next.js: 15ms, application-code: 76ms)
 GET /api/game/state 200 in 77ms (next.js: 14ms, application-code: 64ms)
 GET /api/game/history 200 in 60ms (next.js: 17ms, application-code: 43ms)
(node:3572) [MONGOOSE] Warning: mongoose: the `new` option for `findOneAndUpdate()` and `findOneAndReplace()` is deprecated. Use `returnDocument: 'after'` instead.
 GET /api/game/state 200 in 145ms (next.js: 13ms, application-code: 131ms)
 GET /api/game/state 200 in 50ms (next.js: 7ms, application-code: 43ms)
 GET /api/game/state 200 in 84ms (next.js: 15ms, application-code: 69ms)
 GET /api/game/history 200 in 74ms (next.js: 14ms, application-code: 60ms)
 GET /api/game/state 200 in 48ms (next.js: 7ms, application-code: 41ms)
 GET /api/game/history 200 in 27ms (next.js: 6ms, application-code: 21ms)
(node:3572) [MONGOOSE] Warning: mongoose: the `new` option for `findOneAndUpdate()` and `findOneAndReplace()` is deprecated. Use `returnDocument: 'after'` instead.
 GET /api/game/state 200 in 134ms (next.js: 15ms, application-code: 119ms)
 GET /api/game/history 200 in 102ms (next.js: 38ms, application-code: 64ms)
 GET /api/game/state 200 in 64ms (next.js: 13ms, application-code: 51ms)
 GET /api/game/state 200 in 94ms (next.js: 18ms, application-code: 76ms)
 GET /api/game/history 200 in 57ms (next.js: 14ms, application-code: 43ms)
 GET /api/game/state 200 in 63ms (next.js: 9ms, application-code: 54ms)
 GET /api/game/history 200 in 42ms (next.js: 10ms, application-code: 33ms)
(node:3572) [MONGOOSE] Warning: mongoose: the `new` option for `findOneAndUpdate()` and `findOneAndReplace()` is deprecated. Use `returnDocument: 'after'` instead.
 GET /api/game/state 200 in 99ms (next.js: 9ms, application-code: 89ms)
 GET /api/game/state 200 in 51ms (next.js: 7ms, application-code: 44ms)
 GET /api/game/history 200 in 40ms (next.js: 10ms, application-code: 31ms)
 GET /api/game/state 200 in 61ms (next.js: 12ms, application-code: 50ms)
 GET /api/game/history 200 in 32ms (next.js: 8ms, application-code: 24ms)
 GET /api/game/state 200 in 51ms (next.js: 7ms, application-code: 44ms)
 GET /api/game/history 200 in 30ms (next.js: 8ms, application-code: 22ms)
(node:3572) [MONGOOSE] Warning: mongoose: the `new` option for `findOneAndUpdate()` and `findOneAndReplace()` is deprecated. Use `returnDocument: 'after'` instead.
 GET /api/game/state 200 in 113ms (next.js: 13ms, application-code: 100ms)
 GET /api/game/state 200 in 127ms (next.js: 41ms, application-code: 86ms)
 GET /api/game/state 200 in 62ms (next.js: 13ms, application-code: 49ms)
 GET /api/game/history 200 in 50ms (next.js: 15ms, application-code: 36ms)
 GET /api/game/state 200 in 101ms (next.js: 20ms, application-code: 81ms)
 GET /api/game/state 200 in 41ms (next.js: 10ms, application-code: 31ms)
 GET /api/game/history 200 in 31ms (next.js: 7ms, application-code: 24ms)
(node:3572) [MONGOOSE] Warning: mongoose: the `new` option for `findOneAndUpdate()` and `findOneAndReplace()` is deprecated. Use `returnDocument: 'after'` instead.
 GET /api/game/state 200 in 93ms (next.js: 15ms, application-code: 78ms)
 GET /api/game/state 200 in 47ms (next.js: 8ms, application-code: 38ms)
 GET /api/game/state 200 in 79ms (next.js: 16ms, application-code: 63ms)
 GET /api/game/history 200 in 63ms (next.js: 15ms, application-code: 48ms)
 GET /api/game/state 200 in 85ms (next.js: 16ms, application-code: 69ms)
 GET /api/game/state 200 in 77ms (next.js: 14ms, application-code: 63ms)
 GET /api/game/state 200 in 79ms (next.js: 13ms, application-code: 66ms)
 GET /api/game/state 200 in 91ms (next.js: 20ms, application-code: 71ms)
 GET /api/game/state 200 in 77ms (next.js: 15ms, application-code: 62ms)
 GET /api/game/history 200 in 55ms (next.js: 13ms, application-code: 42ms)
 GET /api/game/state 200 in 85ms (next.js: 14ms, application-code: 72ms)
 GET /api/game/state 200 in 62ms (next.js: 13ms, application-code: 48ms)
 GET /api/game/state 200 in 78ms (next.js: 18ms, application-code: 60ms)
 GET /api/game/state 200 in 67ms (next.js: 13ms, application-code: 54ms)
 GET /api/game/state 200 in 84ms (next.js: 15ms, application-code: 69ms)
 GET /api/game/history 200 in 55ms (next.js: 14ms, application-code: 41ms)
 GET /api/game/state 200 in 103ms (next.js: 27ms, application-code: 76ms)
 GET /api/game/state 200 in 50ms (next.js: 9ms, application-code: 41ms)
 GET /api/game/state 200 in 41ms (next.js: 9ms, application-code: 32ms)
 GET /api/game/state 200 in 54ms (next.js: 12ms, application-code: 42ms)
 GET /api/game/state 200 in 50ms (next.js: 7ms, application-code: 43ms)
 GET /api/game/history 200 in 29ms (next.js: 7ms, application-code: 22ms)
 GET /api/game/state 200 in 83ms (next.js: 14ms, application-code: 68ms)
 GET /api/game/state 200 in 81ms (next.js: 14ms, application-code: 67ms)
 GET /api/game/state 200 in 48ms (next.js: 7ms, application-code: 41ms)
 GET /api/game/state 200 in 66ms (next.js: 9ms, application-code: 57ms)
 GET /api/game/state 200 in 51ms (next.js: 9ms, application-code: 42ms)
 GET /api/game/history 200 in 36ms (next.js: 11ms, application-code: 24ms)
 GET /api/game/state 200 in 84ms (next.js: 17ms, application-code: 67ms)
 GET /api/game/state 200 in 76ms (next.js: 18ms, application-code: 57ms)
 GET /api/game/state 200 in 68ms (next.js: 13ms, application-code: 55ms)
 GET /api/game/state 200 in 40ms (next.js: 8ms, application-code: 32ms)
 GET /api/game/state 200 in 51ms (next.js: 8ms, application-code: 43ms)
 GET /api/game/history 200 in 34ms (next.js: 8ms, application-code: 27ms)
 GET /api/game/state 200 in 51ms (next.js: 8ms, application-code: 43ms)
 GET /api/game/state 200 in 31ms (next.js: 7ms, application-code: 24ms)
 GET /api/game/state 200 in 34ms (next.js: 7ms, application-code: 27ms)
 GET /api/game/state 200 in 52ms (next.js: 6ms, application-code: 46ms)
 GET /api/game/history 200 in 31ms (next.js: 8ms, application-code: 23ms)
 GET /api/game/state 200 in 51ms (next.js: 6ms, application-code: 45ms)
 GET /api/game/history 200 in 23ms (next.js: 7ms, application-code: 16ms)
(node:3572) [MONGOOSE] Warning: mongoose: the `new` option for `findOneAndUpdate()` and `findOneAndReplace()` is deprecated. Use `returnDocument: 'after'` instead.
 GET /api/game/state 200 in 79ms (next.js: 5ms, application-code: 74ms)
 GET /api/game/state 200 in 48ms (next.js: 9ms, application-code: 39ms)
 GET /api/game/state 200 in 50ms (next.js: 8ms, application-code: 43ms)
 GET /api/game/state 200 in 35ms (next.js: 6ms, application-code: 29ms)
 GET /api/game/history 200 in 25ms (next.js: 7ms, application-code: 18ms)
 GET /api/game/state 200 in 53ms (next.js: 6ms, application-code: 47ms)
 GET /api/game/history 200 in 30ms (next.js: 9ms, application-code: 21ms)
(node:3572) [MONGOOSE] Warning: mongoose: the `new` option for `findOneAndUpdate()` and `findOneAndReplace()` is deprecated. Use `returnDocument: 'after'` instead.
 GET /api/game/state 200 in 81ms (next.js: 6ms, application-code: 75ms)
 GET /api/game/state 200 in 56ms (next.js: 10ms, application-code: 47ms)
 GET /api/game/state 200 in 48ms (next.js: 9ms, application-code: 39ms)
 GET /api/game/state 200 in 49ms (next.js: 8ms, application-code: 41ms)
 GET /api/game/state 200 in 47ms (next.js: 7ms, application-code: 40ms)
 GET /api/game/history 200 in 21ms (next.js: 5ms, application-code: 16ms)
 GET /api/game/state 200 in 49ms (next.js: 10ms, application-code: 39ms)
 GET /api/game/history 200 in 28ms (next.js: 10ms, application-code: 18ms)
(node:3572) [MONGOOSE] Warning: mongoose: the `new` option for `findOneAndUpdate()` and `findOneAndReplace()` is deprecated. Use `returnDocument: 'after'` instead.
 GET /api/game/state 200 in 64ms (next.js: 5ms, application-code: 60ms)
 GET /api/game/state 200 in 32ms (next.js: 6ms, application-code: 26ms)
 GET /api/game/state 200 in 33ms (next.js: 5ms, application-code: 27ms)
 GET /api/game/state 200 in 49ms (next.js: 9ms, application-code: 40ms)
 GET /api/game/history 200 in 28ms (next.js: 7ms, application-code: 20ms)
 GET /api/game/state 200 in 51ms (next.js: 7ms, application-code: 43ms)
 GET /api/game/state 200 in 34ms (next.js: 6ms, application-code: 29ms)
 GET /api/game/state 200 in 34ms (next.js: 6ms, application-code: 28ms)
 GET /api/game/state 200 in 36ms (next.js: 6ms, application-code: 31ms)
 GET /api/game/state 200 in 48ms (next.js: 10ms, application-code: 39ms)
 GET /api/game/history 200 in 35ms (next.js: 9ms, application-code: 27ms)
(node:3572) [MONGOOSE] Warning: mongoose: the `new` option for `findOneAndUpdate()` and `findOneAndReplace()` is deprecated. Use `returnDocument: 'after'` instead.
 GET /api/game/state 200 in 76ms (next.js: 6ms, application-code: 70ms)
 GET /api/game/state 200 in 49ms (next.js: 6ms, application-code: 43ms)
 GET /api/game/state 200 in 50ms (next.js: 7ms, application-code: 43ms)
 GET /api/game/state 200 in 67ms (next.js: 13ms, application-code: 54ms)
 GET /api/game/state 200 in 68ms (next.js: 12ms, application-code: 56ms)
 GET /api/game/history 200 in 45ms (next.js: 12ms, application-code: 33ms)
(node:3572) [MONGOOSE] Warning: mongoose: the `new` option for `findOneAndUpdate()` and `findOneAndReplace()` is deprecated. Use `returnDocument: 'after'` instead.
 GET /api/game/state 200 in 80ms (next.js: 6ms, application-code: 73ms)
 GET /api/game/state 200 in 66ms (next.js: 16ms, application-code: 51ms)
 GET /api/game/state 200 in 51ms (next.js: 8ms, application-code: 44ms)
 GET /api/game/state 200 in 74ms (next.js: 14ms, application-code: 60ms)
 GET /api/game/state 200 in 88ms (next.js: 15ms, application-code: 73ms)
 GET /api/game/history 200 in 69ms (next.js: 15ms, application-code: 54ms)
 GET /api/game/state 200 in 63ms (next.js: 12ms, application-code: 51ms)
 GET /api/game/state 200 in 78ms (next.js: 14ms, application-code: 64ms)
 GET /api/game/state 200 in 65ms (next.js: 12ms, application-code: 53ms)
 GET /api/game/state 200 in 81ms (next.js: 15ms, application-code: 66ms)
 GET /api/game/history 200 in 48ms (next.js: 13ms, application-code: 35ms)
(node:3572) [MONGOOSE] Warning: mongoose: the `new` option for `findOneAndUpdate()` and `findOneAndReplace()` is deprecated. Use `returnDocument: 'after'` instead.
 GET /api/game/state 200 in 115ms (next.js: 12ms, application-code: 103ms)
 GET /api/game/history 200 in 43ms (next.js: 11ms, application-code: 32ms)
 GET /api/game/state 200 in 72ms (next.js: 14ms, application-code: 58ms)
 GET /api/game/state 200 in 48ms (next.js: 9ms, application-code: 39ms)
 GET /api/game/state 200 in 67ms (next.js: 12ms, application-code: 55ms)
 GET /api/game/state 200 in 33ms (next.js: 6ms, application-code: 28ms)
 GET /api/game/state 200 in 66ms (next.js: 13ms, application-code: 53ms)
 GET /api/game/history 200 in 50ms (next.js: 12ms, application-code: 38ms)
(node:3572) [MONGOOSE] Warning: mongoose: the `new` option for `findOneAndUpdate()` and `findOneAndReplace()` is deprecated. Use `returnDocument: 'after'` instead.
 GET /api/game/state 200 in 95ms (next.js: 11ms, application-code: 84ms)
 GET /api/game/state 200 in 111ms (next.js: 17ms, application-code: 94ms)
 GET /api/game/state 200 in 48ms (next.js: 8ms, application-code: 40ms)
 GET /api/game/state 200 in 79ms (next.js: 16ms, application-code: 63ms)
 GET /api/game/history 200 in 49ms (next.js: 12ms, application-code: 37ms)
(node:3572) [MONGOOSE] Warning: mongoose: the `new` option for `findOneAndUpdate()` and `findOneAndReplace()` is deprecated. Use `returnDocument: 'after'` instead.
 GET /api/game/state 200 in 134ms (next.js: 14ms, application-code: 120ms)
 GET /api/game/history 200 in 84ms (next.js: 31ms, application-code: 53ms)
 GET / 200 in 371ms (next.js: 36ms, application-code: 334ms)
 GET /api/support-settings 200 in 108ms (next.js: 55ms, application-code: 52ms)
 GET /api/auth/me 200 in 119ms (next.js: 10ms, application-code: 108ms)
 GET /crash 200 in 126ms (next.js: 30ms, application-code: 95ms)
 GET /api/wallet 200 in 42ms (next.js: 12ms, application-code: 30ms)
 GET /api/game/history 200 in 60ms (next.js: 12ms, application-code: 48ms)
 GET /api/wallet 200 in 49ms (next.js: 8ms, application-code: 41ms)
 GET /api/game/history 200 in 47ms (next.js: 15ms, application-code: 32ms)
 GET /api/auth/me 200 in 62ms (next.js: 20ms, application-code: 42ms)
 GET / 200 in 308ms (next.js: 29ms, application-code: 279ms)
 GET /api/auth/me 200 in 41ms (next.js: 10ms, application-code: 31ms)
 GET /api/support-settings 200 in 41ms (next.js: 14ms, application-code: 27ms)
 GET /crash 200 in 147ms (next.js: 30ms, application-code: 116ms)
 GET /api/wallet 200 in 90ms (next.js: 40ms, application-code: 50ms)
 GET /api/game/history 200 in 96ms (next.js: 47ms, application-code: 49ms)
 GET /api/wallet 200 in 106ms (next.js: 25ms, application-code: 82ms)
 GET /api/game/history 200 in 50ms (next.js: 16ms, application-code: 34ms)
 GET / 200 in 289ms (next.js: 29ms, application-code: 260ms)
 GET /api/support-settings 200 in 122ms (next.js: 63ms, application-code: 59ms)
 GET /api/auth/me 200 in 137ms (next.js: 27ms, application-code: 109ms)
 GET / 200 in 313ms (next.js: 19ms, application-code: 294ms)
 GET /api/auth/me 200 in 112ms (next.js: 26ms, application-code: 87ms)
 GET /api/support-settings 200 in 121ms (next.js: 71ms, application-code: 50ms)
 GET /crash 200 in 100ms (next.js: 12ms, application-code: 88ms)
 GET /api/game/history 200 in 74ms (next.js: 43ms, application-code: 31ms)
 GET /api/wallet 200 in 87ms (next.js: 17ms, application-code: 70ms)
 GET /api/wallet 200 in 68ms (next.js: 19ms, application-code: 49ms)
 GET /api/game/history 200 in 42ms (next.js: 8ms, application-code: 34ms)
 GET /api/auth/me 200 in 105ms (next.js: 39ms, application-code: 66ms)
 GET /login 200 in 173ms (next.js: 34ms, application-code: 139ms)
 GET /api/support-settings 200 in 35ms (next.js: 11ms, application-code: 24ms)
 POST /api/auth/login 200 in 534ms (next.js: 26ms, application-code: 509ms)
 GET / 200 in 74ms (next.js: 16ms, application-code: 58ms)
 GET /api/auth/me 200 in 61ms (next.js: 38ms, application-code: 23ms)
 GET /api/auth/me 200 in 55ms (next.js: 10ms, application-code: 45ms)
 GET / 200 in 121ms (next.js: 35ms, application-code: 87ms)
 GET /crash 200 in 138ms (next.js: 27ms, application-code: 111ms)
 GET /api/game/history 200 in 85ms (next.js: 43ms, application-code: 41ms)
 GET /api/wallet 200 in 94ms (next.js: 16ms, application-code: 79ms)
 GET /api/wallet 200 in 65ms (next.js: 29ms, application-code: 35ms)
 GET /api/game/history 200 in 49ms (next.js: 12ms, application-code: 37ms)
[browser] Received NaN for the `children` attribute. If this is expected, cast the value to a string. 
    at validateProperty (file://C:/Users/Hamza Razzaq/Documents/test/.next/dev/static/chunks/node_modules_next_dist_compiled_react-dom_096_9a-._.js:2091:71)
    at warnUnknownProperties (file://C:/Users/Hamza Razzaq/Documents/test/.next/dev/static/chunks/node_modules_next_dist_compiled_react-dom_096_9a-._.js:2203:26)
    at validatePropertiesInDevelopment (file://C:/Users/Hamza Razzaq/Documents/test/.next/dev/static/chunks/node_modules_next_dist_compiled_react-dom_096_9a-._.js:10679:66)
    at updateProperties (file://C:/Users/Hamza Razzaq/Documents/test/.next/dev/static/chunks/node_modules_next_dist_compiled_react-dom_096_9a-._.js:11147:9)
    at commitUpdate (file://C:/Users/Hamza Razzaq/Documents/test/.next/dev/static/chunks/node_modules_next_dist_compiled_react-dom_096_9a-._.js:11894:9)
    at runWithFiberInDEV (file://C:/Users/Hamza Razzaq/Documents/test/.next/dev/static/chunks/node_modules_next_dist_compiled_react-dom_096_9a-._.js:965:74)
    at commitHostUpdate (file://C:/Users/Hamza Razzaq/Documents/test/.next/dev/static/chunks/node_modules_next_dist_compiled_react-dom_096_9a-._.js:7421:13)
    at commitMutationEffectsOnFiber (file://C:/Users/Hamza Razzaq/Documents/test/.next/dev/static/chunks/node_modules_next_dist_compiled_react-dom_096_9a-._.js:8298:100)
    at recursivelyTraverseMutationEffects (file://C:/Users/Hamza Razzaq/Documents/test/.next/dev/static/chunks/node_modules_next_dist_compiled_react-dom_096_9a-._.js:8205:106)
    at commitMutationEffectsOnFiber (file://C:/Users/Hamza Razzaq/Documents/test/.next/dev/static/chunks/node_modules_next_dist_compiled_react-dom_096_9a-._.js:8286:17)
    at recursivelyTraverseMutationEffects (file://C:/Users/Hamza Razzaq/Documents/test/.next/dev/static/chunks/node_modules_next_dist_compiled_react-dom_096_9a-._.js:8205:106)
    at commitMutationEffectsOnFiber (file://C:/Users/Hamza Razzaq/Documents/test/.next/dev/static/chunks/node_modules_next_dist_compiled_react-dom_096_9a-._.js:8286:17)
    at recursivelyTraverseMutationEffects (file://C:/Users/Hamza Razzaq/Documents/test/.next/dev/static/chunks/node_modules_next_dist_compiled_react-dom_096_9a-._.js:8205:106)
    at commitMutationEffectsOnFiber (file://C:/Users/Hamza Razzaq/Documents/test/.next/dev/static/chunks/node_modules_next_dist_compiled_react-dom_096_9a-._.js:8214:17)
    at recursivelyTraverseMutationEffects (file://C:/Users/Hamza Razzaq/Documents/test/.next/dev/static/chunks/node_modules_next_dist_compiled_react-dom_096_9a-._.js:8205:106)
    at commitMutationEffectsOnFiber (file://C:/Users/Hamza Razzaq/Documents/test/.next/dev/static/chunks/node_modules_next_dist_compiled_react-dom_096_9a-._.js:8286:17)
    at recursivelyTraverseMutationEffects (file://C:/Users/Hamza Razzaq/Documents/test/.next/dev/static/chunks/node_modules_next_dist_compiled_react-dom_096_9a-._.js:8205:106)
    at commitMutationEffectsOnFiber (file://C:/Users/Hamza Razzaq/Documents/test/.next/dev/static/chunks/node_modules_next_dist_compiled_react-dom_096_9a-._.js:8286:17)
    at recursivelyTraverseMutationEffects (file://C:/Users/Hamza Razzaq/Documents/test/.next/dev/static/chunks/node_modules_next_dist_compiled_react-dom_096_9a-._.js:8205:106)
    at commitMutationEffectsOnFiber (file://C:/Users/Hamza Razzaq/Documents/test/.next/dev/static/chunks/node_modules_next_dist_compiled_react-dom_096_9a-._.js:8214:17)
    at recursivelyTraverseMutationEffects (file://C:/Users/Hamza Razzaq/Documents/test/.next/dev/static/chunks/node_modules_next_dist_compiled_react-dom_096_9a-._.js:8205:106)
    at commitMutationEffectsOnFiber (file://C:/Users/Hamza Razzaq/Documents/test/.next/dev/static/chunks/node_modules_next_dist_compiled_react-dom_096_9a-._.js:8214:17)
    at recursivelyTraverseMutationEffects (file://C:/Users/Hamza Razzaq/Documents/test/.next/dev/static/chunks/node_modules_next_dist_compiled_react-dom_096_9a-._.js:8205:106)
    at commitMutationEffectsOnFiber (file://C:/Users/Hamza Razzaq/Documents/test/.next/dev/static/chunks/node_modules_next_dist_compiled_react-dom_096_9a-._.js:8214:17)
    at recursivelyTraverseMutationEffects (file://C:/Users/Hamza Razzaq/Documents/test/.next/dev/static/chunks/node_modules_next_dist_compiled_react-dom_096_9a-._.js:8205:106)
    at commitMutationEffectsOnFiber (file://C:/Users/Hamza Razzaq/Documents/test/.next/dev/static/chunks/node_modules_next_dist_compiled_react-dom_096_9a-._.js:8403:17)
    at recursivelyTraverseMutationEffects (file://C:/Users/Hamza Razzaq/Documents/test/.next/dev/static/chunks/node_modules_next_dist_compiled_react-dom_096_9a-._.js:8205:106)
    at commitMutationEffectsOnFiber (file://C:/Users/Hamza Razzaq/Documents/test/.next/dev/static/chunks/node_modules_next_dist_compiled_react-dom_096_9a-._.js:8403:17)
    at recursivelyTraverseMutationEffects (file://C:/Users/Hamza Razzaq/Documents/test/.next/dev/static/chunks/node_modules_next_dist_compiled_react-dom_096_9a-._.js:8205:106)
    at commitMutationEffectsOnFiber (file://C:/Users/Hamza Razzaq/Documents/test/.next/dev/static/chunks/node_modules_next_dist_compiled_react-dom_096_9a-._.js:8214:17)
    at recursivelyTraverseMutationEffects (file://C:/Users/Hamza Razzaq/Documents/test/.next/dev/static/chunks/node_modules_next_dist_compiled_react-dom_096_9a-._.js:8205:106)
    at commitMutationEffectsOnFiber (file://C:/Users/Hamza Razzaq/Documents/test/.next/dev/static/chunks/node_modules_next_dist_compiled_react-dom_096_9a-._.js:8219:17)
    at recursivelyTraverseMutationEffects (file://C:/Users/Hamza Razzaq/Documents/test/.next/dev/static/chunks/node_modules_next_dist_compiled_react-dom_096_9a-._.js:8205:106)
    at commitMutationEffectsOnFiber (file://C:/Users/Hamza Razzaq/Documents/test/.next/dev/static/chunks/node_modules_next_dist_compiled_react-dom_096_9a-._.js:8214:17)
    at recursivelyTraverseMutationEffects (file://C:/Users/Hamza Razzaq/Documents/test/.next/dev/static/chunks/node_modules_next_dist_compiled_react-dom_096_9a-._.js:8205:106)
    at commitMutationEffectsOnFiber (file://C:/Users/Hamza Razzaq/Documents/test/.next/dev/static/chunks/node_modules_next_dist_compiled_react-dom_096_9a-._.js:8214:17)
    at recursivelyTraverseMutationEffects (file://C:/Users/Hamza Razzaq/Documents/test/.next/dev/static/chunks/node_modules_next_dist_compiled_react-dom_096_9a-._.js:8205:106)
    at commitMutationEffectsOnFiber (file://C:/Users/Hamza Razzaq/Documents/test/.next/dev/static/chunks/node_modules_next_dist_compiled_react-dom_096_9a-._.js:8214:17)
    at recursivelyTraverseMutationEffects (file://C:/Users/Hamza Razzaq/Documents/test/.next/dev/static/chunks/node_modules_next_dist_compiled_react-dom_096_9a-._.js:8205:106)
    at commitMutationEffectsOnFiber (file://C:/Users/Hamza Razzaq/Documents/test/.next/dev/static/chunks/node_modules_next_dist_compiled_react-dom_096_9a-._.js:8214:17)
    at recursivelyTraverseMutationEffects (file://C:/Users/Hamza Razzaq/Documents/test/.next/dev/static/chunks/node_modules_next_dist_compiled_react-dom_096_9a-._.js:8205:106)
    at commitMutationEffectsOnFiber (file://C:/Users/Hamza Razzaq/Documents/test/.next/dev/static/chunks/node_modules_next_dist_compiled_react-dom_096_9a-._.js:8219:17)
    at recursivelyTraverseMutationEffects (file://C:/Users/Hamza Razzaq/Documents/test/.next/dev/static/chunks/node_modules_next_dist_compiled_react-dom_096_9a-._.js:8205:106)
    at commitMutationEffectsOnFiber (file://C:/Users/Hamza Razzaq/Documents/test/.next/dev/static/chunks/node_modules_next_dist_compiled_react-dom_096_9a-._.js:8214:17)
    at recursivelyTraverseMutationEffects (file://C:/Users/Hamza Razzaq/Documents/test/.next/dev/static/chunks/node_modules_next_dist_compiled_react-dom_096_9a-._.js:8205:106)
    at commitMutationEffectsOnFiber (file://C:/Users/Hamza Razzaq/Documents/test/.next/dev/static/chunks/node_modules_next_dist_compiled_react-dom_096_9a-._.js:8214:17)
    at recursivelyTraverseMutationEffects (file://C:/Users/Hamza Razzaq/Documents/test/.next/dev/static/chunks/node_modules_next_dist_compiled_react-dom_096_9a-._.js:8205:106)
    at commitMutationEffectsOnFiber (file://C:/Users/Hamza Razzaq/Documents/test/.next/dev/static/chunks/node_modules_next_dist_compiled_react-dom_096_9a-._.js:8403:17) (file://C:/Users/Hamza Razzaq/Documents/test/.next/dev/static/chunks/node_modules_next_dist_compiled_react-dom_096_9a-._.js:2091:71)
✓ Compiled in 1459ms
 GET /crash 200 in 2.5s (next.js: 1737ms, application-code: 742ms)
 GET /login 200 in 2.1s (next.js: 1771ms, application-code: 362ms)
 GET / 200 in 3.2s (next.js: 1259ms, application-code: 1911ms)
 GET /crash 200 in 3.2s (next.js: 282ms, application-code: 2.9s)
 GET /crash 200 in 3.2s (next.js: 408ms, application-code: 2.8s)
 GET /login 200 in 3.2s (next.js: 502ms, application-code: 2.7s)
 GET / 200 in 1817ms (next.js: 391ms, application-code: 1426ms)
 GET /crash 200 in 1920ms (next.js: 30ms, application-code: 1891ms)
 GET /login 200 in 1922ms (next.js: 156ms, application-code: 1765ms)
 GET /crash 200 in 1923ms (next.js: 273ms, application-code: 1650ms)
 GET /crash 200 in 1769ms (next.js: 50ms, application-code: 1719ms)
 GET /crash 200 in 1768ms (next.js: 200ms, application-code: 1568ms)
 GET /crash 200 in 1768ms (next.js: 314ms, application-code: 1454ms)
 GET /crash 200 in 1768ms (next.js: 388ms, application-code: 1380ms)
 GET /login 200 in 2.0s (next.js: 523ms, application-code: 1520ms)
 GET /login 200 in 2.0s (next.js: 668ms, application-code: 1376ms)
 GET /login 200 in 2.0s (next.js: 799ms, application-code: 1244ms)
 GET /login 200 in 2.1s (next.js: 462ms, application-code: 1591ms)
 GET /crash 200 in 2.0s (next.js: 936ms, application-code: 1111ms)
 GET /crash 200 in 2.0s (next.js: 1096ms, application-code: 952ms)
 GET /crash 200 in 1748ms (next.js: 29ms, application-code: 1719ms)
 GET /crash 200 in 1660ms (next.js: 122ms, application-code: 1538ms)
 GET /crash 200 in 1750ms (next.js: 117ms, application-code: 1633ms)
 GET /login 200 in 1666ms (next.js: 215ms, application-code: 1451ms)
 GET /crash 200 in 1477ms (next.js: 119ms, application-code: 1358ms)
 GET /login 200 in 1279ms (next.js: 123ms, application-code: 1156ms)
 GET /crash 200 in 1282ms (next.js: 36ms, application-code: 1247ms)
 GET /crash 200 in 1279ms (next.js: 212ms, application-code: 1068ms)
 GET /crash 200 in 1443ms (next.js: 190ms, application-code: 1253ms)
 GET /crash 200 in 1465ms (next.js: 34ms, application-code: 1430ms)
 GET /crash 200 in 1464ms (next.js: 113ms, application-code: 1351ms)
 GET /login 200 in 1462ms (next.js: 326ms, application-code: 1136ms)
 GET /crash 200 in 1466ms (next.js: 252ms, application-code: 1214ms)
 GET /login 200 in 1665ms (next.js: 394ms, application-code: 1271ms)
 GET /login 200 in 1665ms (next.js: 474ms, application-code: 1192ms)
 GET /login 200 in 1666ms (next.js: 546ms, application-code: 1119ms)
 GET /crash 200 in 1666ms (next.js: 642ms, application-code: 1024ms)
 GET /crash 200 in 1666ms (next.js: 728ms, application-code: 939ms)
 GET /crash 200 in 1579ms (next.js: 22ms, application-code: 1557ms)
 GET /crash 200 in 1577ms (next.js: 88ms, application-code: 1490ms)
 GET /crash 200 in 1591ms (next.js: 189ms, application-code: 1402ms)
 GET /login 200 in 1514ms (next.js: 262ms, application-code: 1253ms)
 GET /crash 200 in 1514ms (next.js: 374ms, application-code: 1139ms)
 GET /login 200 in 1075ms (next.js: 44ms, application-code: 1031ms)
 GET /crash 200 in 1076ms (next.js: 109ms, application-code: 966ms)
 GET /crash 200 in 1076ms (next.js: 173ms, application-code: 903ms)
 GET /crash 200 in 1519ms (next.js: 25ms, application-code: 1494ms)
 GET /crash 200 in 1521ms (next.js: 101ms, application-code: 1420ms)
 GET /login 200 in 1522ms (next.js: 256ms, application-code: 1267ms)
 GET /crash 200 in 1527ms (next.js: 165ms, application-code: 1361ms)
 GET /login 200 in 1926ms (next.js: 381ms, application-code: 1545ms)
 GET /crash 200 in 1931ms (next.js: 318ms, application-code: 1612ms)
 GET /login 200 in 1931ms (next.js: 528ms, application-code: 1403ms)
 GET /login 200 in 1935ms (next.js: 445ms, application-code: 1490ms)
 GET /crash 200 in 1936ms (next.js: 620ms, application-code: 1316ms)
 GET /crash 200 in 1966ms (next.js: 705ms, application-code: 1261ms)
 GET /crash 200 in 2.0s (next.js: 42ms, application-code: 1980ms)
 GET /crash 200 in 2.0s (next.js: 162ms, application-code: 1853ms)
 GET /crash 200 in 2.0s (next.js: 305ms, application-code: 1713ms)
 GET /login 200 in 2.0s (next.js: 438ms, application-code: 1577ms)
 GET /crash 200 in 1748ms (next.js: 304ms, application-code: 1444ms)
 GET /login 200 in 1353ms (next.js: 49ms, application-code: 1305ms)
 GET /crash 200 in 1354ms (next.js: 174ms, application-code: 1180ms)
 GET /crash 200 in 1358ms (next.js: 338ms, application-code: 1020ms)
 GET /crash 200 in 1400ms (next.js: 36ms, application-code: 1364ms)
 GET /crash 200 in 1401ms (next.js: 104ms, application-code: 1297ms)
 GET /login 200 in 1401ms (next.js: 192ms, application-code: 1209ms)
 GET /crash 200 in 1401ms (next.js: 266ms, application-code: 1136ms)
 GET /login 200 in 1402ms (next.js: 318ms, application-code: 1084ms)
 GET /login 200 in 1401ms (next.js: 470ms, application-code: 931ms)
 GET /crash 200 in 1405ms (next.js: 397ms, application-code: 1008ms)
 GET /login 200 in 1403ms (next.js: 533ms, application-code: 870ms)
 GET /crash 200 in 1687ms (next.js: 617ms, application-code: 1070ms)
 GET /crash 200 in 1095ms (next.js: 138ms, application-code: 957ms)
 GET /crash 200 in 1824ms (next.js: 102ms, application-code: 1722ms)
 GET /crash 200 in 1823ms (next.js: 177ms, application-code: 1646ms)
 GET /crash 200 in 1804ms (next.js: 223ms, application-code: 1581ms)
 GET /login 200 in 1667ms (next.js: 159ms, application-code: 1508ms)
 GET /crash 200 in 1669ms (next.js: 268ms, application-code: 1401ms)
 GET /login 200 in 1429ms (next.js: 135ms, application-code: 1295ms)
 GET /crash 200 in 1429ms (next.js: 297ms, application-code: 1131ms)
 GET /crash 200 in 1433ms (next.js: 219ms, application-code: 1214ms)
 GET /crash 200 in 1373ms (next.js: 33ms, application-code: 1340ms)
 GET /crash 200 in 1374ms (next.js: 108ms, application-code: 1266ms)
 GET /login 200 in 1375ms (next.js: 181ms, application-code: 1194ms)
 GET /crash 200 in 1374ms (next.js: 273ms, application-code: 1100ms)
 GET /login 200 in 1374ms (next.js: 567ms, application-code: 807ms)
 GET /login 200 in 1372ms (next.js: 723ms, application-code: 649ms)
 GET /crash 200 in 1377ms (next.js: 647ms, application-code: 729ms)
 GET /login 200 in 1382ms (next.js: 459ms, application-code: 924ms)
 GET /crash 200 in 908ms (next.js: 27ms, application-code: 881ms)
 GET /crash 200 in 914ms (next.js: 117ms, application-code: 797ms)
 GET /crash 200 in 1570ms (next.js: 40ms, application-code: 1530ms)
 GET /crash 200 in 1558ms (next.js: 188ms, application-code: 1369ms)
 GET /crash 200 in 1562ms (next.js: 117ms, application-code: 1445ms)
 GET /login 200 in 1468ms (next.js: 173ms, application-code: 1294ms)
 GET /login 200 in 1316ms (next.js: 191ms, application-code: 1125ms)
 GET /crash 200 in 1322ms (next.js: 124ms, application-code: 1199ms)
 GET /crash 200 in 1320ms (next.js: 263ms, application-code: 1057ms)
 GET /crash 200 in 1322ms (next.js: 330ms, application-code: 992ms)
 GET /crash 200 in 1080ms (next.js: 35ms, application-code: 1046ms)
 GET /crash 200 in 1083ms (next.js: 102ms, application-code: 981ms)
 GET /crash 200 in 1083ms (next.js: 260ms, application-code: 823ms)
 GET /login 200 in 1088ms (next.js: 174ms, application-code: 914ms)
 GET /crash 200 in 1086ms (next.js: 460ms, application-code: 626ms)
 GET /login 200 in 1092ms (next.js: 335ms, application-code: 758ms)
 GET /login 200 in 1093ms (next.js: 403ms, application-code: 690ms)
 GET /login 200 in 1093ms (next.js: 519ms, application-code: 574ms)
 GET /crash 200 in 1095ms (next.js: 22ms, application-code: 1074ms)
 GET /crash 200 in 1659ms (next.js: 150ms, application-code: 1510ms)
 GET /crash 200 in 1665ms (next.js: 33ms, application-code: 1633ms)
 GET /crash 200 in 1654ms (next.js: 105ms, application-code: 1550ms)
 GET /crash 200 in 1574ms (next.js: 144ms, application-code: 1430ms)
 GET /login 200 in 1493ms (next.js: 208ms, application-code: 1286ms)
 GET /login 200 in 1470ms (next.js: 305ms, application-code: 1165ms)
 GET /crash 200 in 1466ms (next.js: 509ms, application-code: 956ms)
 GET /crash 200 in 1472ms (next.js: 367ms, application-code: 1105ms)
 GET /crash 200 in 1473ms (next.js: 432ms, application-code: 1041ms)
 GET /crash 200 in 1021ms (next.js: 29ms, application-code: 992ms)
 GET /crash 200 in 1020ms (next.js: 164ms, application-code: 856ms)
 GET /login 200 in 1021ms (next.js: 227ms, application-code: 794ms)
 GET /crash 200 in 1022ms (next.js: 300ms, application-code: 723ms)
 GET /crash 200 in 1028ms (next.js: 100ms, application-code: 927ms)
 GET /login 200 in 1026ms (next.js: 501ms, application-code: 524ms)
 GET /login 200 in 1030ms (next.js: 402ms, application-code: 628ms)
 GET /login 200 in 1034ms (next.js: 583ms, application-code: 451ms)
 GET /crash 200 in 901ms (next.js: 23ms, application-code: 878ms)
 GET /crash 200 in 1526ms (next.js: 101ms, application-code: 1426ms)
 GET /crash 200 in 1759ms (next.js: 60ms, application-code: 1699ms)
 GET /crash 200 in 1652ms (next.js: 49ms, application-code: 1603ms)
 GET /crash 200 in 1636ms (next.js: 112ms, application-code: 1524ms)
 GET /login 200 in 1635ms (next.js: 188ms, application-code: 1447ms)
 GET /crash 200 in 1637ms (next.js: 330ms, application-code: 1307ms)
 GET /crash 200 in 1639ms (next.js: 394ms, application-code: 1245ms)
 GET /login 200 in 1645ms (next.js: 265ms, application-code: 1380ms)
 GET /crash 200 in 1645ms (next.js: 458ms, application-code: 1187ms)
 GET /crash 200 in 1156ms (next.js: 29ms, application-code: 1127ms)
 GET /crash 200 in 1158ms (next.js: 92ms, application-code: 1066ms)
 GET /crash 200 in 1158ms (next.js: 244ms, application-code: 914ms)
 GET /login 200 in 1162ms (next.js: 156ms, application-code: 1006ms)
 GET /crash 200 in 1164ms (next.js: 336ms, application-code: 828ms)
 GET /login 200 in 1166ms (next.js: 467ms, application-code: 698ms)
 GET /login 200 in 1167ms (next.js: 578ms, application-code: 589ms)
 GET /login 200 in 1298ms (next.js: 650ms, application-code: 649ms)
 GET /crash 200 in 1506ms (next.js: 35ms, application-code: 1471ms)
 GET /crash 200 in 2.1s (next.js: 28ms, application-code: 2.0s)
 GET /crash 200 in 2.1s (next.js: 66ms, application-code: 2.1s)
 GET /crash 200 in 2.1s (next.js: 325ms, application-code: 1772ms)
 GET /crash 200 in 2.1s (next.js: 178ms, application-code: 1923ms)
 GET /login 200 in 1985ms (next.js: 404ms, application-code: 1581ms)
 GET /crash 200 in 1979ms (next.js: 533ms, application-code: 1445ms)
 GET /crash 200 in 1979ms (next.js: 656ms, application-code: 1322ms)
 GET /login 200 in 1980ms (next.js: 764ms, application-code: 1215ms)
 GET /crash 200 in 1633ms (next.js: 518ms, application-code: 1115ms)
 GET /crash 200 in 1161ms (next.js: 149ms, application-code: 1012ms)
 GET /crash 200 in 1162ms (next.js: 321ms, application-code: 841ms)
 GET /crash 200 in 1170ms (next.js: 252ms, application-code: 918ms)
 GET /login 200 in 1173ms (next.js: 391ms, application-code: 782ms)
 GET /crash 200 in 1174ms (next.js: 477ms, application-code: 697ms)
 GET /login 200 in 1175ms (next.js: 554ms, application-code: 621ms)
 GET /login 200 in 1178ms (next.js: 627ms, application-code: 552ms)
 GET /login 200 in 1082ms (next.js: 607ms, application-code: 474ms)
 GET /crash 200 in 1037ms (next.js: 24ms, application-code: 1013ms)
 GET /crash 200 in 1750ms (next.js: 111ms, application-code: 1639ms)
 GET /crash 200 in 1640ms (next.js: 81ms, application-code: 1559ms)
 GET /crash 200 in 1607ms (next.js: 110ms, application-code: 1497ms)
 GET /crash 200 in 1604ms (next.js: 167ms, application-code: 1437ms)
 GET /login 200 in 1600ms (next.js: 237ms, application-code: 1363ms)
 GET /crash 200 in 1597ms (next.js: 320ms, application-code: 1277ms)
 GET /crash 200 in 1597ms (next.js: 386ms, application-code: 1211ms)
 GET /login 200 in 1396ms (next.js: 294ms, application-code: 1102ms)
 GET /crash 200 in 1397ms (next.js: 364ms, application-code: 1033ms)
 GET /crash 200 in 1138ms (next.js: 173ms, application-code: 965ms)
 GET /crash 200 in 1136ms (next.js: 313ms, application-code: 823ms)
 GET /crash 200 in 1141ms (next.js: 242ms, application-code: 899ms)
 GET /crash 200 in 1139ms (next.js: 550ms, application-code: 589ms)
 GET /login 200 in 1142ms (next.js: 427ms, application-code: 716ms)
 GET /login 200 in 1141ms (next.js: 713ms, application-code: 427ms)
 GET /login 200 in 1143ms (next.js: 643ms, application-code: 501ms)
 GET /login 200 in 1076ms (next.js: 655ms, application-code: 421ms)
 GET /crash 200 in 1117ms (next.js: 21ms, application-code: 1096ms)
 GET /crash 200 in 1661ms (next.js: 24ms, application-code: 1637ms)
 GET /crash 200 in 1712ms (next.js: 36ms, application-code: 1676ms)
 GET /crash 200 in 1714ms (next.js: 120ms, application-code: 1594ms)
 GET /crash 200 in 1715ms (next.js: 212ms, application-code: 1503ms)
 GET /crash 200 in 1395ms (next.js: 203ms, application-code: 1192ms)
 GET /crash 200 in 1620ms (next.js: 329ms, application-code: 1291ms)
 GET /login 200 in 1624ms (next.js: 246ms, application-code: 1378ms)
 GET /login 200 in 1405ms (next.js: 310ms, application-code: 1095ms)
 GET /crash 200 in 1405ms (next.js: 380ms, application-code: 1025ms)
 GET /crash 200 in 1194ms (next.js: 286ms, application-code: 908ms)
 GET /crash 200 in 1194ms (next.js: 464ms, application-code: 729ms)
 GET /crash 200 in 1197ms (next.js: 400ms, application-code: 797ms)
 GET /login 200 in 1196ms (next.js: 612ms, application-code: 584ms)
 GET /crash 200 in 1199ms (next.js: 531ms, application-code: 668ms)
 GET /login 200 in 1198ms (next.js: 681ms, application-code: 517ms)
 GET /login 200 in 1200ms (next.js: 757ms, application-code: 443ms)
 GET /login 200 in 960ms (next.js: 579ms, application-code: 381ms)
 GET /crash 200 in 885ms (next.js: 22ms, application-code: 863ms)
 GET /crash 200 in 1609ms (next.js: 21ms, application-code: 1588ms)
 GET /crash 200 in 1686ms (next.js: 22ms, application-code: 1664ms)
 GET /crash 200 in 1600ms (next.js: 33ms, application-code: 1567ms)
 GET /crash 200 in 1601ms (next.js: 98ms, application-code: 1503ms)
 GET /crash 200 in 1597ms (next.js: 163ms, application-code: 1434ms)
 GET /crash 200 in 1598ms (next.js: 226ms, application-code: 1372ms)
 GET /login 200 in 1599ms (next.js: 294ms, application-code: 1304ms)
 GET /login 200 in 1459ms (next.js: 223ms, application-code: 1236ms)
 GET /crash 200 in 1466ms (next.js: 334ms, application-code: 1132ms)
 GET /crash 200 in 1239ms (next.js: 134ms, application-code: 1105ms)
 GET /login 200 in 1238ms (next.js: 479ms, application-code: 759ms)
 GET /crash 200 in 1243ms (next.js: 241ms, application-code: 1003ms)
 GET /crash 200 in 1242ms (next.js: 551ms, application-code: 692ms)
 GET /crash 200 in 1247ms (next.js: 371ms, application-code: 875ms)
 GET /login 200 in 1247ms (next.js: 629ms, application-code: 618ms)
 GET /login 200 in 1248ms (next.js: 743ms, application-code: 506ms)
 GET /login 200 in 1247ms (next.js: 742ms, application-code: 504ms)
 GET /crash 200 in 861ms (next.js: 16ms, application-code: 845ms)
 GET /crash 200 in 1388ms (next.js: 17ms, application-code: 1371ms)
 GET /crash 200 in 1519ms (next.js: 29ms, application-code: 1489ms)
 GET /crash 200 in 1427ms (next.js: 40ms, application-code: 1388ms)
 GET /crash 200 in 1413ms (next.js: 133ms, application-code: 1280ms)
 GET /login 200 in 1309ms (next.js: 295ms, application-code: 1014ms)
 GET /crash 200 in 1316ms (next.js: 131ms, application-code: 1185ms)
 GET /login 200 in 1315ms (next.js: 351ms, application-code: 964ms)
 GET /crash 200 in 1320ms (next.js: 230ms, application-code: 1091ms)
 GET /crash 200 in 1219ms (next.js: 326ms, application-code: 893ms)
 GET /login 200 in 1217ms (next.js: 464ms, application-code: 752ms)
 GET /crash 200 in 1221ms (next.js: 393ms, application-code: 828ms)
 GET /crash 200 in 1217ms (next.js: 608ms, application-code: 609ms)
 GET /crash 200 in 1218ms (next.js: 675ms, application-code: 544ms)
 GET /crash 200 in 1224ms (next.js: 527ms, application-code: 697ms)
 GET /login 200 in 929ms (next.js: 448ms, application-code: 481ms)
 GET /login 200 in 1009ms (next.js: 525ms, application-code: 484ms)
 GET /login 200 in 653ms (next.js: 131ms, application-code: 523ms)
 GET /crash 200 in 852ms (next.js: 23ms, application-code: 829ms)
 GET /crash 200 in 1613ms (next.js: 18ms, application-code: 1595ms)
 GET /crash 200 in 1893ms (next.js: 41ms, application-code: 1852ms)
 GET /crash 200 in 1793ms (next.js: 26ms, application-code: 1767ms)
 GET /crash 200 in 1794ms (next.js: 91ms, application-code: 1703ms)
 GET /login 200 in 1650ms (next.js: 37ms, application-code: 1612ms)
 GET /crash 200 in 1650ms (next.js: 135ms, application-code: 1515ms)
 GET /login 200 in 1651ms (next.js: 233ms, application-code: 1418ms)
 GET /crash 200 in 1652ms (next.js: 304ms, application-code: 1348ms)
 GET /crash 200 in 1651ms (next.js: 387ms, application-code: 1265ms)
 GET /login 200 in 1652ms (next.js: 458ms, application-code: 1193ms)
 GET /crash 200 in 1653ms (next.js: 535ms, application-code: 1118ms)
 GET /crash 200 in 1654ms (next.js: 604ms, application-code: 1050ms)
 GET /crash 200 in 1655ms (next.js: 669ms, application-code: 986ms)
 GET /crash 200 in 1656ms (next.js: 778ms, application-code: 878ms)
 GET /login 200 in 1656ms (next.js: 907ms, application-code: 749ms)
 GET /login 200 in 1398ms (next.js: 704ms, application-code: 695ms)
 GET /login 200 in 895ms (next.js: 246ms, application-code: 649ms)
 GET /crash 200 in 856ms (next.js: 19ms, application-code: 837ms)
 GET /crash 200 in 1484ms (next.js: 22ms, application-code: 1461ms)
 GET /crash 200 in 1646ms (next.js: 40ms, application-code: 1606ms)
 GET /crash 200 in 1533ms (next.js: 109ms, application-code: 1424ms)
 GET /crash 200 in 1652ms (next.js: 136ms, application-code: 1517ms)
 GET /login 200 in 1372ms (next.js: 26ms, application-code: 1346ms)
 GET /crash 200 in 1375ms (next.js: 75ms, application-code: 1300ms)
 GET /login 200 in 1377ms (next.js: 181ms, application-code: 1196ms)
 GET /crash 200 in 1378ms (next.js: 274ms, application-code: 1104ms)
 GET /crash 200 in 1377ms (next.js: 350ms, application-code: 1027ms)
 GET /login 200 in 1378ms (next.js: 406ms, application-code: 972ms)
 GET /crash 200 in 1380ms (next.js: 549ms, application-code: 831ms)
 GET /crash 200 in 1382ms (next.js: 630ms, application-code: 752ms)
 GET /login 200 in 1381ms (next.js: 782ms, application-code: 600ms)
 GET /crash 200 in 1388ms (next.js: 477ms, application-code: 910ms)
 GET /crash 200 in 1387ms (next.js: 703ms, application-code: 684ms)
 GET /login 200 in 1139ms (next.js: 628ms, application-code: 511ms)
 GET /login 200 in 775ms (next.js: 141ms, application-code: 634ms)
 GET /crash 200 in 1000ms (next.js: 23ms, application-code: 977ms)
 GET /crash 200 in 1654ms (next.js: 42ms, application-code: 1612ms)
 GET /crash 200 in 1801ms (next.js: 41ms, application-code: 1759ms)
 GET /crash 200 in 1704ms (next.js: 29ms, application-code: 1675ms)
 GET /crash 200 in 1705ms (next.js: 123ms, application-code: 1583ms)
 GET /login 200 in 1481ms (next.js: 68ms, application-code: 1413ms)
 GET /crash 200 in 1482ms (next.js: 145ms, application-code: 1337ms)
 GET /login 200 in 1482ms (next.js: 215ms, application-code: 1267ms)
 GET /crash 200 in 1482ms (next.js: 369ms, application-code: 1113ms)
 GET /crash 200 in 1470ms (next.js: 435ms, application-code: 1035ms)
 GET /crash 200 in 1467ms (next.js: 628ms, application-code: 839ms)
 GET /login 200 in 1471ms (next.js: 527ms, application-code: 944ms)
 GET /crash 200 in 1469ms (next.js: 715ms, application-code: 754ms)
 GET /login 200 in 1469ms (next.js: 792ms, application-code: 676ms)
 GET /crash 200 in 1468ms (next.js: 872ms, application-code: 596ms)
 GET /login 200 in 1067ms (next.js: 645ms, application-code: 422ms)
 GET /crash 200 in 1470ms (next.js: 957ms, application-code: 512ms)
 GET /login 200 in 662ms (next.js: 25ms, application-code: 637ms)
 GET /crash 200 in 959ms (next.js: 25ms, application-code: 935ms)
 GET /crash 200 in 1616ms (next.js: 19ms, application-code: 1597ms)
 GET /crash 200 in 1783ms (next.js: 46ms, application-code: 1738ms)
 GET /crash 200 in 1639ms (next.js: 45ms, application-code: 1595ms)
 GET /crash 200 in 1640ms (next.js: 117ms, application-code: 1523ms)
 GET /login 200 in 1472ms (next.js: 69ms, application-code: 1403ms)
 GET /crash 200 in 1473ms (next.js: 163ms, application-code: 1310ms)
 GET /login 200 in 1474ms (next.js: 247ms, application-code: 1227ms)
 GET /crash 200 in 1475ms (next.js: 315ms, application-code: 1160ms)
 GET /login 200 in 1449ms (next.js: 536ms, application-code: 913ms)
 GET /crash 200 in 1452ms (next.js: 452ms, application-code: 1000ms)
 GET /crash 200 in 1475ms (next.js: 383ms, application-code: 1091ms)
 GET /login 200 in 1455ms (next.js: 720ms, application-code: 735ms)
 GET /crash 200 in 1457ms (next.js: 636ms, application-code: 821ms)
 GET /login 200 in 1456ms (next.js: 906ms, application-code: 550ms)
 GET /crash 200 in 1455ms (next.js: 985ms, application-code: 470ms)
 GET /crash 200 in 1461ms (next.js: 811ms, application-code: 650ms)
 GET /login 200 in 566ms (next.js: 30ms, application-code: 536ms)
 GET /crash 200 in 910ms (next.js: 22ms, application-code: 888ms)
 GET /crash 200 in 1514ms (next.js: 23ms, application-code: 1490ms)
 GET /crash 200 in 1637ms (next.js: 36ms, application-code: 1601ms)
 GET /crash 200 in 1619ms (next.js: 110ms, application-code: 1508ms)
 GET /crash 200 in 1635ms (next.js: 201ms, application-code: 1434ms)
 GET /login 200 in 1467ms (next.js: 146ms, application-code: 1321ms)
 GET /crash 200 in 1470ms (next.js: 238ms, application-code: 1231ms)
 GET /login 200 in 1472ms (next.js: 314ms, application-code: 1158ms)
 GET /crash 200 in 1473ms (next.js: 387ms, application-code: 1086ms)
 GET /login 200 in 1372ms (next.js: 358ms, application-code: 1014ms)
 GET /crash 200 in 1373ms (next.js: 439ms, application-code: 934ms)
 GET /crash 200 in 1374ms (next.js: 531ms, application-code: 843ms)
 GET /login 200 in 1376ms (next.js: 604ms, application-code: 772ms)
 GET /crash 200 in 1378ms (next.js: 665ms, application-code: 713ms)
 GET /login 200 in 1380ms (next.js: 731ms, application-code: 649ms)
 GET /crash 200 in 1382ms (next.js: 817ms, application-code: 565ms)
 GET /crash 200 in 1384ms (next.js: 887ms, application-code: 497ms)
 GET /login 200 in 665ms (next.js: 21ms, application-code: 644ms)
 GET /crash 200 in 1277ms (next.js: 27ms, application-code: 1250ms)
 GET /crash 200 in 2.1s (next.js: 26ms, application-code: 2.1s)
 GET /crash 200 in 2.1s (next.js: 69ms, application-code: 2.1s)
 GET /crash 200 in 2.1s (next.js: 175ms, application-code: 1970ms)
 GET /crash 200 in 1901ms (next.js: 48ms, application-code: 1852ms)
 GET /login 200 in 1904ms (next.js: 136ms, application-code: 1768ms)
 GET /login 200 in 1904ms (next.js: 414ms, application-code: 1490ms)
 GET /crash 200 in 1908ms (next.js: 269ms, application-code: 1639ms)
 GET /crash 200 in 1908ms (next.js: 556ms, application-code: 1352ms)
 GET /login 200 in 1814ms (next.js: 616ms, application-code: 1198ms)
 GET /crash 200 in 1815ms (next.js: 699ms, application-code: 1117ms)
 GET /crash 200 in 1817ms (next.js: 775ms, application-code: 1042ms)
 GET /login 200 in 1818ms (next.js: 902ms, application-code: 916ms)
 GET /crash 200 in 1815ms (next.js: 1375ms, application-code: 440ms)
 GET /login 200 in 1821ms (next.js: 1217ms, application-code: 604ms)
 GET /crash 200 in 1822ms (next.js: 1305ms, application-code: 517ms)
 GET /crash 200 in 1827ms (next.js: 1037ms, application-code: 790ms)
 GET /login 200 in 396ms (next.js: 19ms, application-code: 376ms)
 GET /crash 200 in 1076ms (next.js: 24ms, application-code: 1052ms)
 GET /crash 200 in 1831ms (next.js: 23ms, application-code: 1808ms)
 GET /crash 200 in 1852ms (next.js: 54ms, application-code: 1798ms)
 GET /crash 200 in 1824ms (next.js: 129ms, application-code: 1695ms)
 GET /crash 200 in 1827ms (next.js: 256ms, application-code: 1571ms)
 GET /login 200 in 1606ms (next.js: 151ms, application-code: 1455ms)
 GET /crash 200 in 1603ms (next.js: 347ms, application-code: 1256ms)
 GET /login 200 in 1608ms (next.js: 263ms, application-code: 1345ms)
 GET /crash 200 in 1607ms (next.js: 437ms, application-code: 1169ms)
 GET /login 200 in 1498ms (next.js: 458ms, application-code: 1040ms)
 GET /crash 200 in 1496ms (next.js: 642ms, application-code: 854ms)
 GET /crash 200 in 1499ms (next.js: 552ms, application-code: 948ms)
 GET /login 200 in 1498ms (next.js: 734ms, application-code: 764ms)
 GET /crash 200 in 1499ms (next.js: 815ms, application-code: 684ms)
 GET /login 200 in 1500ms (next.js: 908ms, application-code: 592ms)
 GET /crash 200 in 1498ms (next.js: 1045ms, application-code: 453ms)
 GET /crash 200 in 1502ms (next.js: 974ms, application-code: 527ms)
 GET /login 200 in 1081ms (next.js: 780ms, application-code: 302ms)
 GET /crash 200 in 399ms (next.js: 27ms, application-code: 372ms)
 GET /crash 200 in 1343ms (next.js: 17ms, application-code: 1326ms)
 GET /crash 200 in 1503ms (next.js: 39ms, application-code: 1464ms)
 GET /crash 200 in 1504ms (next.js: 108ms, application-code: 1396ms)
 GET /login 200 in 1326ms (next.js: 156ms, application-code: 1170ms)
 GET /crash 200 in 1327ms (next.js: 219ms, application-code: 1108ms)
 GET /login 200 in 1327ms (next.js: 281ms, application-code: 1046ms)
 GET /crash 200 in 1335ms (next.js: 59ms, application-code: 1277ms)
 GET /crash 200 in 1321ms (next.js: 337ms, application-code: 984ms)
 GET /crash 200 in 1314ms (next.js: 540ms, application-code: 774ms)
 GET /login 200 in 1319ms (next.js: 399ms, application-code: 921ms)
 GET /login 200 in 1316ms (next.js: 624ms, application-code: 691ms)
 GET /crash 200 in 1321ms (next.js: 470ms, application-code: 852ms)
 GET /crash 200 in 1318ms (next.js: 697ms, application-code: 622ms)
 GET /crash 200 in 1312ms (next.js: 934ms, application-code: 378ms)
 GET /login 200 in 1321ms (next.js: 762ms, application-code: 559ms)
 GET /crash 200 in 1320ms (next.js: 853ms, application-code: 467ms)
 GET /login 200 in 1136ms (next.js: 651ms, application-code: 485ms)
 GET /crash 200 in 448ms (next.js: 19ms, application-code: 429ms)
 GET /crash 200 in 1577ms (next.js: 21ms, application-code: 1556ms)
 GET /crash 200 in 1744ms (next.js: 37ms, application-code: 1707ms)
 GET /crash 200 in 1746ms (next.js: 110ms, application-code: 1636ms)
 GET /login 200 in 1565ms (next.js: 36ms, application-code: 1530ms)
 GET /crash 200 in 1567ms (next.js: 125ms, application-code: 1443ms)
 GET /login 200 in 1570ms (next.js: 211ms, application-code: 1359ms)
 GET /crash 200 in 1573ms (next.js: 289ms, application-code: 1284ms)
 GET /crash 200 in 1575ms (next.js: 364ms, application-code: 1212ms)
 GET /crash 200 in 1577ms (next.js: 439ms, application-code: 1138ms)
 GET /login 200 in 1579ms (next.js: 590ms, application-code: 989ms)
 GET /crash 200 in 1582ms (next.js: 674ms, application-code: 908ms)
 GET /crash 200 in 1584ms (next.js: 754ms, application-code: 830ms)
 GET /crash 200 in 1587ms (next.js: 868ms, application-code: 719ms)
 GET /login 200 in 1595ms (next.js: 522ms, application-code: 1073ms)
 GET /login 200 in 1592ms (next.js: 943ms, application-code: 650ms)
 GET /crash 200 in 1591ms (next.js: 1021ms, application-code: 570ms)
 GET /login 200 in 846ms (next.js: 51ms, application-code: 795ms)
 GET /crash 200 in 851ms (next.js: 121ms, application-code: 730ms)
 GET /crash 200 in 1617ms (next.js: 35ms, application-code: 1583ms)
 GET /crash 200 in 1773ms (next.js: 80ms, application-code: 1693ms)
 GET /crash 200 in 1773ms (next.js: 231ms, application-code: 1542ms)
 GET /login 200 in 1394ms (next.js: 64ms, application-code: 1330ms)
 GET /login 200 in 1383ms (next.js: 193ms, application-code: 1189ms)
 GET /crash 200 in 1389ms (next.js: 124ms, application-code: 1265ms)
 GET /crash 200 in 1382ms (next.js: 339ms, application-code: 1043ms)
 GET /crash 200 in 1385ms (next.js: 259ms, application-code: 1126ms)
 GET /crash 200 in 1384ms (next.js: 406ms, application-code: 978ms)
 GET /crash 200 in 1382ms (next.js: 540ms, application-code: 843ms)
 GET /crash 200 in 1382ms (next.js: 611ms, application-code: 771ms)
 GET /login 200 in 1389ms (next.js: 472ms, application-code: 917ms)
 GET /crash 200 in 1385ms (next.js: 679ms, application-code: 705ms)
 GET /login 200 in 1384ms (next.js: 829ms, application-code: 554ms)
 GET /login 200 in 1388ms (next.js: 755ms, application-code: 633ms)
 GET /crash 200 in 1387ms (next.js: 904ms, application-code: 483ms)
 GET /login 200 in 572ms (next.js: 20ms, application-code: 552ms)
 GET /crash 200 in 585ms (next.js: 136ms, application-code: 449ms)
 GET /crash 200 in 1441ms (next.js: 19ms, application-code: 1422ms)
 GET /crash 200 in 1602ms (next.js: 26ms, application-code: 1576ms)
 GET /crash 200 in 1603ms (next.js: 102ms, application-code: 1501ms)
 GET /login 200 in 1446ms (next.js: 31ms, application-code: 1415ms)
 GET /crash 200 in 1446ms (next.js: 238ms, application-code: 1208ms)
 GET /login 200 in 1450ms (next.js: 102ms, application-code: 1347ms)
 GET /crash 200 in 1450ms (next.js: 366ms, application-code: 1084ms)
 GET /crash 200 in 1451ms (next.js: 446ms, application-code: 1005ms)
 GET /crash 200 in 1452ms (next.js: 506ms, application-code: 946ms)
 GET /crash 200 in 1452ms (next.js: 652ms, application-code: 801ms)
 GET /crash 200 in 1456ms (next.js: 587ms, application-code: 869ms)
 GET /login 200 in 1455ms (next.js: 860ms, application-code: 595ms)
 GET /crash 200 in 1460ms (next.js: 788ms, application-code: 672ms)
 GET /login 200 in 1460ms (next.js: 928ms, application-code: 532ms)
 GET /login 200 in 1467ms (next.js: 723ms, application-code: 744ms)
 GET /crash 200 in 1465ms (next.js: 1006ms, application-code: 460ms)
 GET /login 200 in 467ms (next.js: 25ms, application-code: 443ms)
 GET /crash 200 in 464ms (next.js: 110ms, application-code: 354ms)
 GET /crash 200 in 488ms (next.js: 19ms, application-code: 468ms)
 GET /crash 200 in 535ms (next.js: 57ms, application-code: 478ms)
 GET / 200 in 394ms (next.js: 149ms, application-code: 245ms)
 GET /crash 200 in 401ms (next.js: 18ms, application-code: 383ms)
 GET /crash 200 in 404ms (next.js: 86ms, application-code: 318ms)
 GET / 200 in 298ms (next.js: 17ms, application-code: 281ms)
 GET / 200 in 466ms (next.js: 16ms, application-code: 450ms)
 GET / 200 in 519ms (next.js: 20ms, application-code: 498ms)
 GET / 200 in 411ms (next.js: 25ms, application-code: 386ms)
 GET / 200 in 411ms (next.js: 108ms, application-code: 303ms)
 GET / 200 in 410ms (next.js: 176ms, application-code: 234ms)
 GET / 200 in 256ms (next.js: 21ms, application-code: 235ms)
 GET / 200 in 379ms (next.js: 15ms, application-code: 364ms)
 GET / 200 in 391ms (next.js: 19ms, application-code: 372ms)
 GET / 200 in 422ms (next.js: 21ms, application-code: 401ms)
 GET / 200 in 424ms (next.js: 87ms, application-code: 336ms)
 GET / 200 in 294ms (next.js: 17ms, application-code: 277ms)
 GET / 200 in 599ms (next.js: 17ms, application-code: 581ms)
 GET / 200 in 690ms (next.js: 23ms, application-code: 667ms)
 GET / 200 in 865ms (next.js: 30ms, application-code: 834ms)
 GET / 200 in 748ms (next.js: 29ms, application-code: 719ms)
 GET / 200 in 750ms (next.js: 151ms, application-code: 599ms)
 GET / 200 in 758ms (next.js: 270ms, application-code: 489ms)
 GET / 200 in 765ms (next.js: 29ms, application-code: 736ms)
 GET / 200 in 755ms (next.js: 31ms, application-code: 724ms)
 GET / 200 in 825ms (next.js: 36ms, application-code: 789ms)
 GET / 200 in 704ms (next.js: 33ms, application-code: 672ms)
 GET / 200 in 703ms (next.js: 159ms, application-code: 544ms)
 GET / 200 in 636ms (next.js: 199ms, application-code: 438ms)
 GET / 200 in 423ms (next.js: 29ms, application-code: 394ms)
 GET / 200 in 409ms (next.js: 19ms, application-code: 390ms)
 GET / 200 in 497ms (next.js: 15ms, application-code: 482ms)
 GET / 200 in 427ms (next.js: 16ms, application-code: 411ms)
 GET / 200 in 430ms (next.js: 106ms, application-code: 324ms)
 GET / 200 in 414ms (next.js: 104ms, application-code: 310ms)
 GET / 200 in 274ms (next.js: 13ms, application-code: 261ms)
 GET / 200 in 411ms (next.js: 15ms, application-code: 397ms)
 GET / 200 in 464ms (next.js: 23ms, application-code: 441ms)
 GET / 200 in 413ms (next.js: 19ms, application-code: 394ms)
 GET / 200 in 476ms (next.js: 89ms, application-code: 388ms)
 GET / 200 in 404ms (next.js: 81ms, application-code: 323ms)
 GET / 200 in 269ms (next.js: 19ms, application-code: 250ms)
 GET / 200 in 350ms (next.js: 16ms, application-code: 334ms)
 GET / 200 in 474ms (next.js: 16ms, application-code: 458ms)
 GET / 200 in 403ms (next.js: 21ms, application-code: 382ms)
 GET / 200 in 494ms (next.js: 91ms, application-code: 403ms)
 GET / 200 in 420ms (next.js: 88ms, application-code: 332ms)
 GET / 200 in 356ms (next.js: 16ms, application-code: 340ms)
 GET / 200 in 460ms (next.js: 17ms, application-code: 443ms)
 GET / 200 in 460ms (next.js: 19ms, application-code: 442ms)
 GET / 200 in 463ms (next.js: 21ms, application-code: 442ms)
 GET / 200 in 530ms (next.js: 91ms, application-code: 439ms)
 GET / 200 in 456ms (next.js: 97ms, application-code: 360ms)
 GET / 200 in 288ms (next.js: 17ms, application-code: 272ms)
 GET / 200 in 591ms (next.js: 23ms, application-code: 569ms)
 GET / 200 in 643ms (next.js: 18ms, application-code: 625ms)
 GET / 200 in 635ms (next.js: 17ms, application-code: 617ms)
 GET / 200 in 709ms (next.js: 86ms, application-code: 622ms)
 GET / 200 in 646ms (next.js: 190ms, application-code: 456ms)
 GET / 200 in 333ms (next.js: 37ms, application-code: 296ms)
 GET / 200 in 460ms (next.js: 20ms, application-code: 439ms)
 GET / 200 in 470ms (next.js: 15ms, application-code: 455ms)
 GET / 200 in 473ms (next.js: 22ms, application-code: 451ms)
 GET / 200 in 563ms (next.js: 84ms, application-code: 479ms)
 GET / 200 in 496ms (next.js: 105ms, application-code: 391ms)
 GET / 200 in 297ms (next.js: 17ms, application-code: 280ms)
 GET / 200 in 451ms (next.js: 23ms, application-code: 429ms)
 GET / 200 in 440ms (next.js: 22ms, application-code: 418ms)
 GET / 200 in 398ms (next.js: 18ms, application-code: 380ms)
 GET / 200 in 389ms (next.js: 18ms, application-code: 371ms)
 GET / 200 in 394ms (next.js: 89ms, application-code: 306ms)
 GET / 200 in 326ms (next.js: 18ms, application-code: 309ms)
 GET / 200 in 365ms (next.js: 16ms, application-code: 349ms)
 GET / 200 in 368ms (next.js: 17ms, application-code: 351ms)
 GET / 200 in 356ms (next.js: 18ms, application-code: 339ms)
 GET / 200 in 355ms (next.js: 17ms, application-code: 338ms)
 GET / 200 in 353ms (next.js: 70ms, application-code: 283ms)
 GET / 200 in 314ms (next.js: 16ms, application-code: 298ms)
 GET / 200 in 378ms (next.js: 16ms, application-code: 362ms)
 GET / 200 in 372ms (next.js: 19ms, application-code: 353ms)
 GET / 200 in 462ms (next.js: 18ms, application-code: 444ms)
 GET / 200 in 485ms (next.js: 88ms, application-code: 397ms)
 GET / 200 in 414ms (next.js: 86ms, application-code: 328ms)
 GET / 200 in 354ms (next.js: 16ms, application-code: 338ms)
 GET / 200 in 468ms (next.js: 16ms, application-code: 452ms)
 GET / 200 in 446ms (next.js: 25ms, application-code: 421ms)
 GET / 200 in 480ms (next.js: 15ms, application-code: 465ms)
 GET / 200 in 412ms (next.js: 20ms, application-code: 392ms)
 GET / 200 in 412ms (next.js: 122ms, application-code: 290ms)
 GET / 200 in 304ms (next.js: 15ms, application-code: 290ms)
 GET / 200 in 433ms (next.js: 13ms, application-code: 420ms)
 GET / 200 in 476ms (next.js: 16ms, application-code: 460ms)
 GET / 200 in 677ms (next.js: 18ms, application-code: 660ms)
 GET / 200 in 613ms (next.js: 19ms, application-code: 594ms)
 GET / 200 in 615ms (next.js: 90ms, application-code: 525ms)
 GET / 200 in 563ms (next.js: 19ms, application-code: 544ms)
 GET / 200 in 590ms (next.js: 31ms, application-code: 558ms)
 GET / 200 in 696ms (next.js: 30ms, application-code: 666ms)
 GET / 200 in 688ms (next.js: 30ms, application-code: 658ms)
 GET / 200 in 686ms (next.js: 33ms, application-code: 653ms)
 GET / 200 in 689ms (next.js: 161ms, application-code: 528ms)
 GET / 200 in 561ms (next.js: 27ms, application-code: 534ms)
 GET / 200 in 777ms (next.js: 32ms, application-code: 745ms)
 GET / 200 in 819ms (next.js: 32ms, application-code: 787ms)
 GET / 200 in 738ms (next.js: 32ms, application-code: 706ms)
 GET / 200 in 801ms (next.js: 156ms, application-code: 646ms)
 GET / 200 in 676ms (next.js: 168ms, application-code: 508ms)
 GET / 200 in 396ms (next.js: 29ms, application-code: 367ms)
 GET / 200 in 420ms (next.js: 22ms, application-code: 398ms)
 GET / 200 in 414ms (next.js: 18ms, application-code: 396ms)
 GET / 200 in 484ms (next.js: 19ms, application-code: 465ms)
 GET / 200 in 485ms (next.js: 101ms, application-code: 384ms)
 GET / 200 in 405ms (next.js: 96ms, application-code: 308ms)
 GET / 200 in 308ms (next.js: 17ms, application-code: 290ms)
 GET / 200 in 389ms (next.js: 18ms, application-code: 372ms)
 GET / 200 in 390ms (next.js: 16ms, application-code: 374ms)
 GET / 200 in 491ms (next.js: 15ms, application-code: 475ms)
 GET / 200 in 431ms (next.js: 22ms, application-code: 409ms)
 GET / 200 in 433ms (next.js: 86ms, application-code: 347ms)
 GET / 200 in 374ms (next.js: 17ms, application-code: 357ms)
 GET / 200 in 406ms (next.js: 16ms, application-code: 390ms)
 GET / 200 in 495ms (next.js: 19ms, application-code: 476ms)
 GET / 200 in 613ms (next.js: 21ms, application-code: 592ms)
 GET / 200 in 525ms (next.js: 26ms, application-code: 499ms)
 GET / 200 in 521ms (next.js: 116ms, application-code: 405ms)
 GET / 200 in 336ms (next.js: 22ms, application-code: 314ms)
 GET / 200 in 463ms (next.js: 23ms, application-code: 440ms)
 GET / 200 in 557ms (next.js: 22ms, application-code: 535ms)
 GET / 200 in 1026ms (next.js: 16ms, application-code: 1010ms)
 GET / 200 in 966ms (next.js: 21ms, application-code: 945ms)
 GET / 200 in 965ms (next.js: 91ms, application-code: 875ms)
 GET / 200 in 973ms (next.js: 181ms, application-code: 792ms)
 GET / 200 in 1466ms (next.js: 63ms, application-code: 1403ms)
 GET / 200 in 1503ms (next.js: 168ms, application-code: 1335ms)
 GET / 200 in 1871ms (next.js: 29ms, application-code: 1842ms)
 GET / 200 in 1560ms (next.js: 113ms, application-code: 1447ms)
 GET / 200 in 1570ms (next.js: 346ms, application-code: 1224ms)
 GET / 200 in 1142ms (next.js: 79ms, application-code: 1063ms)
 GET / 200 in 2.0s (next.js: 143ms, application-code: 1885ms)
 GET / 200 in 1879ms (next.js: 38ms, application-code: 1841ms)
 GET / 200 in 2.6s (next.js: 163ms, application-code: 2.4s)
 GET / 200 in 2.5s (next.js: 570ms, application-code: 1932ms)
 GET / 200 in 2.5s (next.js: 1043ms, application-code: 1460ms)
 GET / 200 in 1398ms (next.js: 65ms, application-code: 1333ms)
 GET / 200 in 1711ms (next.js: 37ms, application-code: 1674ms)
 GET / 200 in 1197ms (next.js: 222ms, application-code: 975ms)
 GET / 200 in 609ms (next.js: 78ms, application-code: 530ms)
⚠ Found a change in next.config.mjs. Restarting the server to apply the changes...
▲ Next.js 16.2.10 (Turbopack)
- Local:         http://localhost:3000
- Network:       http://10.214.131.208:3000
- Environments: .env.local
✓ Ready in 3.3s

 GET /login 200 in 5.1s (next.js: 3.3s, application-code: 1887ms)
 GET /crash 200 in 5.1s (next.js: 3.7s, application-code: 1391ms)
 GET /crash 200 in 5.0s (next.js: 3.7s, application-code: 1292ms)
 GET /api/wallet 200 in 3.0s (next.js: 2.5s, application-code: 587ms)
 GET /api/support-settings 200 in 3.1s (next.js: 2.8s, application-code: 320ms)
 GET /api/support-settings 200 in 224ms (next.js: 143ms, application-code: 81ms)
 GET /api/game/history 200 in 266ms (next.js: 85ms, application-code: 180ms)
 GET /api/wallet 200 in 301ms (next.js: 57ms, application-code: 245ms)
 GET /api/game/history 200 in 3.4s (next.js: 2.6s, application-code: 733ms)
 GET /api/support-settings 200 in 149ms (next.js: 52ms, application-code: 98ms)
