[    1987ms] [WARNING] 将根据已有的meta标签来设置缩放比例 @ https://kkeagle.com/:34
[ 2267614ms] Error: Login token is invalid, please log in again
    at ie.interceptors.response.use.response (https://kkeagle.com/assets/js/pages-account-main-tkHvQlre.js:1:9925)
    at async hn.request (https://kkeagle.com/assets/js/vendor-utils-BwCFLlMd.js:1:30980)
    at async Proxy.initUserInfo (https://kkeagle.com/assets/js/pages-account-main-tkHvQlre.js:1:1387630)
    at hn.request (https://kkeagle.com/assets/js/vendor-utils-BwCFLlMd.js:1:31076)
    at async Proxy.initUserInfo (https://kkeagle.com/assets/js/pages-account-main-tkHvQlre.js:1:1387630)
[ 2267761ms] [VERBOSE] [DOM] Password field is not contained in a form: (More info: https://goo.gl/9p2vKq) @ https://kkeagle.com/#/login:0
[ 2270730ms] [WARNING] The resource https://kkeagle.com/brands/kkgame/startPage-bg.webp was preloaded using link preload but not used within a few seconds from the window's load event. Please make sure it has an appropriate `as` value and it is preloaded intentionally. @ https://kkeagle.com/#/login:0
[ 2274939ms] [WARNING] The resource https://kkeagle.com/brands/kkgame/startPage-bg.webp was preloaded using link preload but not used within a few seconds from the window's load event. Please make sure it has an appropriate `as` value and it is preloaded intentionally. @ https://kkeagle.com/#/login:0
[ 2280960ms] [WARNING] The resource https://kkeagle.com/brands/kkgame/startPage-bg.webp was preloaded using link preload but not used within a few seconds from the window's load event. Please make sure it has an appropriate `as` value and it is preloaded intentionally. @ https://kkeagle.com/#/:0
[ 2285401ms] [WARNING] The resource https://kkeagle.com/brands/kkgame/startPage-bg.webp was preloaded using link preload but not used within a few seconds from the window's load event. Please make sure it has an appropriate `as` value and it is preloaded intentionally. @ https://kkeagle.com/#/:0
[ 2345608ms] [WARNING] The resource https://kkeagle.com/brands/kkgame/startPage-bg.webp was preloaded using link preload but not used within a few seconds from the window's load event. Please make sure it has an appropriate `as` value and it is preloaded intentionally. @ https://kkeagle.com/#/:0
[ 2400907ms] [WARNING] The resource https://kkeagle.com/brands/kkgame/logo.png was preloaded using link preload but not used within a few seconds from the window's load event. Please make sure it has an appropriate `as` value and it is preloaded intentionally. @ https://kkeagle.com/:0
[ 2400907ms] [WARNING] The resource https://kkeagle.com/brands/kkgame/startPage-bg.webp was preloaded using link preload but not used within a few seconds from the window's load event. Please make sure it has an appropriate `as` value and it is preloaded intentionally. @ https://kkeagle.com/:0
[ 2462141ms] [WARNING] 将根据已有的meta标签来设置缩放比例 @ https://kkeagle.com/:34
[ 2530089ms] [WARNING] The resource https://kkeagle.com/brands/kkgame/startPage-bg.webp was preloaded using link preload but not used within a few seconds from the window's load event. Please make sure it has an appropriate `as` value and it is preloaded intentionally. @ https://kkeagle.com/#/:0
[ 2546211ms] [WARNING] The resource https://kkeagle.com/brands/kkgame/startPage-bg.webp was preloaded using link preload but not used within a few seconds from the window's load event. Please make sure it has an appropriate `as` value and it is preloaded intentionally. @ https://kkeagle.com/#/:0
[ 2553325ms] [WARNING] The resource https://kkeagle.com/brands/kkgame/startPage-bg.webp was preloaded using link preload but not used within a few seconds from the window's load event. Please make sure it has an appropriate `as` value and it is preloaded intentionally. @ https://kkeagle.com/#/:0
[ 2586042ms] [WARNING] The resource https://kkeagle.com/brands/kkgame/startPage-bg.webp was preloaded using link preload but not used within a few seconds from the window's load event. Please make sure it has an appropriate `as` value and it is preloaded intentionally. @ https://kkeagle.com/#/:0
[ 2645875ms] [WARNING] The resource https://kkeagle.com/brands/kkgame/startPage-bg.webp was preloaded using link preload but not used within a few seconds from the window's load event. Please make sure it has an appropriate `as` value and it is preloaded intentionally. @ https://kkeagle.com/#/:0
[ 2705947ms] [WARNING] The resource https://kkeagle.com/brands/kkgame/startPage-bg.webp was preloaded using link preload but not used within a few seconds from the window's load event. Please make sure it has an appropriate `as` value and it is preloaded intentionally. @ https://kkeagle.com/#/:0
[ 2766008ms] [WARNING] The resource https://kkeagle.com/brands/kkgame/startPage-bg.webp was preloaded using link preload but not used within a few seconds from the window's load event. Please make sure it has an appropriate `as` value and it is preloaded intentionally. @ https://kkeagle.com/#/:0
[ 2825959ms] [WARNING] The resource https://kkeagle.com/brands/kkgame/startPage-bg.webp was preloaded using link preload but not used within a few seconds from the window's load event. Please make sure it has an appropriate `as` value and it is preloaded intentionally. @ https://kkeagle.com/#/:0
[ 2886031ms] [WARNING] The resource https://kkeagle.com/brands/kkgame/startPage-bg.webp was preloaded using link preload but not used within a few seconds from the window's load event. Please make sure it has an appropriate `as` value and it is preloaded intentionally. @ https://kkeagle.com/#/:0
[ 2948408ms] [WARNING] The resource https://kkeagle.com/brands/kkgame/logo.png was preloaded using link preload but not used within a few seconds from the window's load event. Please make sure it has an appropriate `as` value and it is preloaded intentionally. @ https://kkeagle.com/#/:0
[ 2948408ms] [WARNING] The resource https://kkeagle.com/brands/kkgame/startPage-bg.webp was preloaded using link preload but not used within a few seconds from the window's load event. Please make sure it has an appropriate `as` value and it is preloaded intentionally. @ https://kkeagle.com/#/:0
[ 3005872ms] [WARNING] The resource https://kkeagle.com/brands/kkgame/logo.png was preloaded using link preload but not used within a few seconds from the window's load event. Please make sure it has an appropriate `as` value and it is preloaded intentionally. @ https://kkeagle.com/#/:0
[ 3005872ms] [WARNING] The resource https://kkeagle.com/brands/kkgame/startPage-bg.webp was preloaded using link preload but not used within a few seconds from the window's load event. Please make sure it has an appropriate `as` value and it is preloaded intentionally. @ https://kkeagle.com/#/:0
[ 3065986ms] [WARNING] The resource https://kkeagle.com/brands/kkgame/logo.png was preloaded using link preload but not used within a few seconds from the window's load event. Please make sure it has an appropriate `as` value and it is preloaded intentionally. @ https://kkeagle.com/#/:0
[ 3065986ms] [WARNING] The resource https://kkeagle.com/brands/kkgame/startPage-bg.webp was preloaded using link preload but not used within a few seconds from the window's load event. Please make sure it has an appropriate `as` value and it is preloaded intentionally. @ https://kkeagle.com/#/:0
[ 3125889ms] [WARNING] The resource https://kkeagle.com/brands/kkgame/logo.png was preloaded using link preload but not used within a few seconds from the window's load event. Please make sure it has an appropriate `as` value and it is preloaded intentionally. @ https://kkeagle.com/#/:0
[ 3125889ms] [WARNING] The resource https://kkeagle.com/brands/kkgame/startPage-bg.webp was preloaded using link preload but not used within a few seconds from the window's load event. Please make sure it has an appropriate `as` value and it is preloaded intentionally. @ https://kkeagle.com/#/:0
[ 3186016ms] [WARNING] The resource https://kkeagle.com/brands/kkgame/logo.png was preloaded using link preload but not used within a few seconds from the window's load event. Please make sure it has an appropriate `as` value and it is preloaded intentionally. @ https://kkeagle.com/#/:0
[ 3186016ms] [WARNING] The resource https://kkeagle.com/brands/kkgame/startPage-bg.webp was preloaded using link preload but not used within a few seconds from the window's load event. Please make sure it has an appropriate `as` value and it is preloaded intentionally. @ https://kkeagle.com/#/:0
[ 3246880ms] [WARNING] The resource https://kkeagle.com/brands/kkgame/logo.png was preloaded using link preload but not used within a few seconds from the window's load event. Please make sure it has an appropriate `as` value and it is preloaded intentionally. @ https://kkeagle.com/#/:0
[ 3246880ms] [WARNING] The resource https://kkeagle.com/brands/kkgame/startPage-bg.webp was preloaded using link preload but not used within a few seconds from the window's load event. Please make sure it has an appropriate `as` value and it is preloaded intentionally. @ https://kkeagle.com/#/:0
[ 3306426ms] [WARNING] The resource https://kkeagle.com/brands/kkgame/logo.png was preloaded using link preload but not used within a few seconds from the window's load event. Please make sure it has an appropriate `as` value and it is preloaded intentionally. @ https://kkeagle.com/#/:0
[ 3306426ms] [WARNING] The resource https://kkeagle.com/brands/kkgame/startPage-bg.webp was preloaded using link preload but not used within a few seconds from the window's load event. Please make sure it has an appropriate `as` value and it is preloaded intentionally. @ https://kkeagle.com/#/:0
[ 3366452ms] [WARNING] The resource https://kkeagle.com/brands/kkgame/logo.png was preloaded using link preload but not used within a few seconds from the window's load event. Please make sure it has an appropriate `as` value and it is preloaded intentionally. @ https://kkeagle.com/#/:0
[ 3366452ms] [WARNING] The resource https://kkeagle.com/brands/kkgame/startPage-bg.webp was preloaded using link preload but not used within a few seconds from the window's load event. Please make sure it has an appropriate `as` value and it is preloaded intentionally. @ https://kkeagle.com/#/:0
[ 3426951ms] [WARNING] The resource https://kkeagle.com/brands/kkgame/logo.png was preloaded using link preload but not used within a few seconds from the window's load event. Please make sure it has an appropriate `as` value and it is preloaded intentionally. @ https://kkeagle.com/#/:0
[ 3426951ms] [WARNING] The resource https://kkeagle.com/brands/kkgame/startPage-bg.webp was preloaded using link preload but not used within a few seconds from the window's load event. Please make sure it has an appropriate `as` value and it is preloaded intentionally. @ https://kkeagle.com/#/:0
[ 3486179ms] [WARNING] The resource https://kkeagle.com/brands/kkgame/logo.png was preloaded using link preload but not used within a few seconds from the window's load event. Please make sure it has an appropriate `as` value and it is preloaded intentionally. @ https://kkeagle.com/#/:0
[ 3486179ms] [WARNING] The resource https://kkeagle.com/brands/kkgame/startPage-bg.webp was preloaded using link preload but not used within a few seconds from the window's load event. Please make sure it has an appropriate `as` value and it is preloaded intentionally. @ https://kkeagle.com/#/:0
[ 3546070ms] [WARNING] The resource https://kkeagle.com/brands/kkgame/logo.png was preloaded using link preload but not used within a few seconds from the window's load event. Please make sure it has an appropriate `as` value and it is preloaded intentionally. @ https://kkeagle.com/#/:0
[ 3546070ms] [WARNING] The resource https://kkeagle.com/brands/kkgame/startPage-bg.webp was preloaded using link preload but not used within a few seconds from the window's load event. Please make sure it has an appropriate `as` value and it is preloaded intentionally. @ https://kkeagle.com/#/:0
[ 3606202ms] [WARNING] The resource https://kkeagle.com/brands/kkgame/logo.png was preloaded using link preload but not used within a few seconds from the window's load event. Please make sure it has an appropriate `as` value and it is preloaded intentionally. @ https://kkeagle.com/#/:0
[ 3606202ms] [WARNING] The resource https://kkeagle.com/brands/kkgame/startPage-bg.webp was preloaded using link preload but not used within a few seconds from the window's load event. Please make sure it has an appropriate `as` value and it is preloaded intentionally. @ https://kkeagle.com/#/:0
[ 3666762ms] [WARNING] The resource https://kkeagle.com/brands/kkgame/logo.png was preloaded using link preload but not used within a few seconds from the window's load event. Please make sure it has an appropriate `as` value and it is preloaded intentionally. @ https://kkeagle.com/#/:0
[ 3666762ms] [WARNING] The resource https://kkeagle.com/brands/kkgame/startPage-bg.webp was preloaded using link preload but not used within a few seconds from the window's load event. Please make sure it has an appropriate `as` value and it is preloaded intentionally. @ https://kkeagle.com/#/:0
[ 3725891ms] [WARNING] The resource https://kkeagle.com/brands/kkgame/logo.png was preloaded using link preload but not used within a few seconds from the window's load event. Please make sure it has an appropriate `as` value and it is preloaded intentionally. @ https://kkeagle.com/#/:0
[ 3725891ms] [WARNING] The resource https://kkeagle.com/brands/kkgame/startPage-bg.webp was preloaded using link preload but not used within a few seconds from the window's load event. Please make sure it has an appropriate `as` value and it is preloaded intentionally. @ https://kkeagle.com/#/:0
[ 3785646ms] [WARNING] The resource https://kkeagle.com/brands/kkgame/logo.png was preloaded using link preload but not used within a few seconds from the window's load event. Please make sure it has an appropriate `as` value and it is preloaded intentionally. @ https://kkeagle.com/#/:0
[ 3785647ms] [WARNING] The resource https://kkeagle.com/brands/kkgame/startPage-bg.webp was preloaded using link preload but not used within a few seconds from the window's load event. Please make sure it has an appropriate `as` value and it is preloaded intentionally. @ https://kkeagle.com/#/:0
[ 3845763ms] [WARNING] The resource https://kkeagle.com/brands/kkgame/logo.png was preloaded using link preload but not used within a few seconds from the window's load event. Please make sure it has an appropriate `as` value and it is preloaded intentionally. @ https://kkeagle.com/#/:0
[ 3845763ms] [WARNING] The resource https://kkeagle.com/brands/kkgame/startPage-bg.webp was preloaded using link preload but not used within a few seconds from the window's load event. Please make sure it has an appropriate `as` value and it is preloaded intentionally. @ https://kkeagle.com/#/:0
[ 3905687ms] [WARNING] The resource https://kkeagle.com/brands/kkgame/logo.png was preloaded using link preload but not used within a few seconds from the window's load event. Please make sure it has an appropriate `as` value and it is preloaded intentionally. @ https://kkeagle.com/#/:0
[ 3905688ms] [WARNING] The resource https://kkeagle.com/brands/kkgame/startPage-bg.webp was preloaded using link preload but not used within a few seconds from the window's load event. Please make sure it has an appropriate `as` value and it is preloaded intentionally. @ https://kkeagle.com/#/:0
[ 3965951ms] [WARNING] The resource https://kkeagle.com/brands/kkgame/logo.png was preloaded using link preload but not used within a few seconds from the window's load event. Please make sure it has an appropriate `as` value and it is preloaded intentionally. @ https://kkeagle.com/#/:0
[ 3965952ms] [WARNING] The resource https://kkeagle.com/brands/kkgame/startPage-bg.webp was preloaded using link preload but not used within a few seconds from the window's load event. Please make sure it has an appropriate `as` value and it is preloaded intentionally. @ https://kkeagle.com/#/:0
[ 4025674ms] [WARNING] The resource https://kkeagle.com/brands/kkgame/logo.png was preloaded using link preload but not used within a few seconds from the window's load event. Please make sure it has an appropriate `as` value and it is preloaded intentionally. @ https://kkeagle.com/#/:0
[ 4025675ms] [WARNING] The resource https://kkeagle.com/brands/kkgame/startPage-bg.webp was preloaded using link preload but not used within a few seconds from the window's load event. Please make sure it has an appropriate `as` value and it is preloaded intentionally. @ https://kkeagle.com/#/:0
[ 4085774ms] [WARNING] The resource https://kkeagle.com/brands/kkgame/logo.png was preloaded using link preload but not used within a few seconds from the window's load event. Please make sure it has an appropriate `as` value and it is preloaded intentionally. @ https://kkeagle.com/#/:0
[ 4085775ms] [WARNING] The resource https://kkeagle.com/brands/kkgame/startPage-bg.webp was preloaded using link preload but not used within a few seconds from the window's load event. Please make sure it has an appropriate `as` value and it is preloaded intentionally. @ https://kkeagle.com/#/:0
[ 4145785ms] [WARNING] The resource https://kkeagle.com/brands/kkgame/logo.png was preloaded using link preload but not used within a few seconds from the window's load event. Please make sure it has an appropriate `as` value and it is preloaded intentionally. @ https://kkeagle.com/#/:0
[ 4145785ms] [WARNING] The resource https://kkeagle.com/brands/kkgame/startPage-bg.webp was preloaded using link preload but not used within a few seconds from the window's load event. Please make sure it has an appropriate `as` value and it is preloaded intentionally. @ https://kkeagle.com/#/:0
[ 4205745ms] [WARNING] The resource https://kkeagle.com/brands/kkgame/logo.png was preloaded using link preload but not used within a few seconds from the window's load event. Please make sure it has an appropriate `as` value and it is preloaded intentionally. @ https://kkeagle.com/#/:0
[ 4205745ms] [WARNING] The resource https://kkeagle.com/brands/kkgame/startPage-bg.webp was preloaded using link preload but not used within a few seconds from the window's load event. Please make sure it has an appropriate `as` value and it is preloaded intentionally. @ https://kkeagle.com/#/:0
[ 4265773ms] [WARNING] The resource https://kkeagle.com/brands/kkgame/logo.png was preloaded using link preload but not used within a few seconds from the window's load event. Please make sure it has an appropriate `as` value and it is preloaded intentionally. @ https://kkeagle.com/#/:0
[ 4265773ms] [WARNING] The resource https://kkeagle.com/brands/kkgame/startPage-bg.webp was preloaded using link preload but not used within a few seconds from the window's load event. Please make sure it has an appropriate `as` value and it is preloaded intentionally. @ https://kkeagle.com/#/:0
[ 4325701ms] [WARNING] The resource https://kkeagle.com/brands/kkgame/logo.png was preloaded using link preload but not used within a few seconds from the window's load event. Please make sure it has an appropriate `as` value and it is preloaded intentionally. @ https://kkeagle.com/#/:0
[ 4325701ms] [WARNING] The resource https://kkeagle.com/brands/kkgame/startPage-bg.webp was preloaded using link preload but not used within a few seconds from the window's load event. Please make sure it has an appropriate `as` value and it is preloaded intentionally. @ https://kkeagle.com/#/:0
[ 4385695ms] [WARNING] The resource https://kkeagle.com/brands/kkgame/logo.png was preloaded using link preload but not used within a few seconds from the window's load event. Please make sure it has an appropriate `as` value and it is preloaded intentionally. @ https://kkeagle.com/#/:0
[ 4385695ms] [WARNING] The resource https://kkeagle.com/brands/kkgame/startPage-bg.webp was preloaded using link preload but not used within a few seconds from the window's load event. Please make sure it has an appropriate `as` value and it is preloaded intentionally. @ https://kkeagle.com/#/:0
[ 4445702ms] [WARNING] The resource https://kkeagle.com/brands/kkgame/logo.png was preloaded using link preload but not used within a few seconds from the window's load event. Please make sure it has an appropriate `as` value and it is preloaded intentionally. @ https://kkeagle.com/#/:0
[ 4445703ms] [WARNING] The resource https://kkeagle.com/brands/kkgame/startPage-bg.webp was preloaded using link preload but not used within a few seconds from the window's load event. Please make sure it has an appropriate `as` value and it is preloaded intentionally. @ https://kkeagle.com/#/:0
[ 4506064ms] [WARNING] The resource https://kkeagle.com/brands/kkgame/logo.png was preloaded using link preload but not used within a few seconds from the window's load event. Please make sure it has an appropriate `as` value and it is preloaded intentionally. @ https://kkeagle.com/#/:0
[ 4506064ms] [WARNING] The resource https://kkeagle.com/brands/kkgame/startPage-bg.webp was preloaded using link preload but not used within a few seconds from the window's load event. Please make sure it has an appropriate `as` value and it is preloaded intentionally. @ https://kkeagle.com/#/:0
[ 4565828ms] [WARNING] The resource https://kkeagle.com/brands/kkgame/logo.png was preloaded using link preload but not used within a few seconds from the window's load event. Please make sure it has an appropriate `as` value and it is preloaded intentionally. @ https://kkeagle.com/#/:0
[ 4565829ms] [WARNING] The resource https://kkeagle.com/brands/kkgame/startPage-bg.webp was preloaded using link preload but not used within a few seconds from the window's load event. Please make sure it has an appropriate `as` value and it is preloaded intentionally. @ https://kkeagle.com/#/:0
[ 4626021ms] [WARNING] The resource https://kkeagle.com/brands/kkgame/logo.png was preloaded using link preload but not used within a few seconds from the window's load event. Please make sure it has an appropriate `as` value and it is preloaded intentionally. @ https://kkeagle.com/#/:0
[ 4626022ms] [WARNING] The resource https://kkeagle.com/brands/kkgame/startPage-bg.webp was preloaded using link preload but not used within a few seconds from the window's load event. Please make sure it has an appropriate `as` value and it is preloaded intentionally. @ https://kkeagle.com/#/:0
[ 4685731ms] [WARNING] The resource https://kkeagle.com/brands/kkgame/logo.png was preloaded using link preload but not used within a few seconds from the window's load event. Please make sure it has an appropriate `as` value and it is preloaded intentionally. @ https://kkeagle.com/#/:0
[ 4685731ms] [WARNING] The resource https://kkeagle.com/brands/kkgame/startPage-bg.webp was preloaded using link preload but not used within a few seconds from the window's load event. Please make sure it has an appropriate `as` value and it is preloaded intentionally. @ https://kkeagle.com/#/:0
[ 4745740ms] [WARNING] The resource https://kkeagle.com/brands/kkgame/logo.png was preloaded using link preload but not used within a few seconds from the window's load event. Please make sure it has an appropriate `as` value and it is preloaded intentionally. @ https://kkeagle.com/#/:0
[ 4745740ms] [WARNING] The resource https://kkeagle.com/brands/kkgame/startPage-bg.webp was preloaded using link preload but not used within a few seconds from the window's load event. Please make sure it has an appropriate `as` value and it is preloaded intentionally. @ https://kkeagle.com/#/:0
[ 4805639ms] [WARNING] The resource https://kkeagle.com/brands/kkgame/logo.png was preloaded using link preload but not used within a few seconds from the window's load event. Please make sure it has an appropriate `as` value and it is preloaded intentionally. @ https://kkeagle.com/#/:0
[ 4805639ms] [WARNING] The resource https://kkeagle.com/brands/kkgame/startPage-bg.webp was preloaded using link preload but not used within a few seconds from the window's load event. Please make sure it has an appropriate `as` value and it is preloaded intentionally. @ https://kkeagle.com/#/:0
[ 4865710ms] [WARNING] The resource https://kkeagle.com/brands/kkgame/logo.png was preloaded using link preload but not used within a few seconds from the window's load event. Please make sure it has an appropriate `as` value and it is preloaded intentionally. @ https://kkeagle.com/#/:0
[ 4865711ms] [WARNING] The resource https://kkeagle.com/brands/kkgame/startPage-bg.webp was preloaded using link preload but not used within a few seconds from the window's load event. Please make sure it has an appropriate `as` value and it is preloaded intentionally. @ https://kkeagle.com/#/:0
[ 4925660ms] [WARNING] The resource https://kkeagle.com/brands/kkgame/logo.png was preloaded using link preload but not used within a few seconds from the window's load event. Please make sure it has an appropriate `as` value and it is preloaded intentionally. @ https://kkeagle.com/#/:0
[ 4925661ms] [WARNING] The resource https://kkeagle.com/brands/kkgame/startPage-bg.webp was preloaded using link preload but not used within a few seconds from the window's load event. Please make sure it has an appropriate `as` value and it is preloaded intentionally. @ https://kkeagle.com/#/:0
[ 4985754ms] [WARNING] The resource https://kkeagle.com/brands/kkgame/logo.png was preloaded using link preload but not used within a few seconds from the window's load event. Please make sure it has an appropriate `as` value and it is preloaded intentionally. @ https://kkeagle.com/#/:0
[ 4985754ms] [WARNING] The resource https://kkeagle.com/brands/kkgame/startPage-bg.webp was preloaded using link preload but not used within a few seconds from the window's load event. Please make sure it has an appropriate `as` value and it is preloaded intentionally. @ https://kkeagle.com/#/:0
[ 5045697ms] [WARNING] The resource https://kkeagle.com/brands/kkgame/logo.png was preloaded using link preload but not used within a few seconds from the window's load event. Please make sure it has an appropriate `as` value and it is preloaded intentionally. @ https://kkeagle.com/#/:0
[ 5045697ms] [WARNING] The resource https://kkeagle.com/brands/kkgame/startPage-bg.webp was preloaded using link preload but not used within a few seconds from the window's load event. Please make sure it has an appropriate `as` value and it is preloaded intentionally. @ https://kkeagle.com/#/:0
[ 5105768ms] [WARNING] The resource https://kkeagle.com/brands/kkgame/logo.png was preloaded using link preload but not used within a few seconds from the window's load event. Please make sure it has an appropriate `as` value and it is preloaded intentionally. @ https://kkeagle.com/#/:0
[ 5105769ms] [WARNING] The resource https://kkeagle.com/brands/kkgame/startPage-bg.webp was preloaded using link preload but not used within a few seconds from the window's load event. Please make sure it has an appropriate `as` value and it is preloaded intentionally. @ https://kkeagle.com/#/:0
[ 5165671ms] [WARNING] The resource https://kkeagle.com/brands/kkgame/logo.png was preloaded using link preload but not used within a few seconds from the window's load event. Please make sure it has an appropriate `as` value and it is preloaded intentionally. @ https://kkeagle.com/#/:0
[ 5165671ms] [WARNING] The resource https://kkeagle.com/brands/kkgame/startPage-bg.webp was preloaded using link preload but not used within a few seconds from the window's load event. Please make sure it has an appropriate `as` value and it is preloaded intentionally. @ https://kkeagle.com/#/:0
[ 5225712ms] [WARNING] The resource https://kkeagle.com/brands/kkgame/logo.png was preloaded using link preload but not used within a few seconds from the window's load event. Please make sure it has an appropriate `as` value and it is preloaded intentionally. @ https://kkeagle.com/#/:0
[ 5225712ms] [WARNING] The resource https://kkeagle.com/brands/kkgame/startPage-bg.webp was preloaded using link preload but not used within a few seconds from the window's load event. Please make sure it has an appropriate `as` value and it is preloaded intentionally. @ https://kkeagle.com/#/:0
[ 5285659ms] [WARNING] The resource https://kkeagle.com/brands/kkgame/logo.png was preloaded using link preload but not used within a few seconds from the window's load event. Please make sure it has an appropriate `as` value and it is preloaded intentionally. @ https://kkeagle.com/#/:0
[ 5285660ms] [WARNING] The resource https://kkeagle.com/brands/kkgame/startPage-bg.webp was preloaded using link preload but not used within a few seconds from the window's load event. Please make sure it has an appropriate `as` value and it is preloaded intentionally. @ https://kkeagle.com/#/:0
[ 5345690ms] [WARNING] The resource https://kkeagle.com/brands/kkgame/logo.png was preloaded using link preload but not used within a few seconds from the window's load event. Please make sure it has an appropriate `as` value and it is preloaded intentionally. @ https://kkeagle.com/#/:0
[ 5345690ms] [WARNING] The resource https://kkeagle.com/brands/kkgame/startPage-bg.webp was preloaded using link preload but not used within a few seconds from the window's load event. Please make sure it has an appropriate `as` value and it is preloaded intentionally. @ https://kkeagle.com/#/:0
[ 5405698ms] [WARNING] The resource https://kkeagle.com/brands/kkgame/logo.png was preloaded using link preload but not used within a few seconds from the window's load event. Please make sure it has an appropriate `as` value and it is preloaded intentionally. @ https://kkeagle.com/#/:0
[ 5405698ms] [WARNING] The resource https://kkeagle.com/brands/kkgame/startPage-bg.webp was preloaded using link preload but not used within a few seconds from the window's load event. Please make sure it has an appropriate `as` value and it is preloaded intentionally. @ https://kkeagle.com/#/:0
[ 5465659ms] [WARNING] The resource https://kkeagle.com/brands/kkgame/logo.png was preloaded using link preload but not used within a few seconds from the window's load event. Please make sure it has an appropriate `as` value and it is preloaded intentionally. @ https://kkeagle.com/#/:0
[ 5465659ms] [WARNING] The resource https://kkeagle.com/brands/kkgame/startPage-bg.webp was preloaded using link preload but not used within a few seconds from the window's load event. Please make sure it has an appropriate `as` value and it is preloaded intentionally. @ https://kkeagle.com/#/:0
[ 5525820ms] [WARNING] The resource https://kkeagle.com/brands/kkgame/logo.png was preloaded using link preload but not used within a few seconds from the window's load event. Please make sure it has an appropriate `as` value and it is preloaded intentionally. @ https://kkeagle.com/#/:0
[ 5525822ms] [WARNING] The resource https://kkeagle.com/brands/kkgame/startPage-bg.webp was preloaded using link preload but not used within a few seconds from the window's load event. Please make sure it has an appropriate `as` value and it is preloaded intentionally. @ https://kkeagle.com/#/:0
[ 5585813ms] [WARNING] The resource https://kkeagle.com/brands/kkgame/logo.png was preloaded using link preload but not used within a few seconds from the window's load event. Please make sure it has an appropriate `as` value and it is preloaded intentionally. @ https://kkeagle.com/#/:0
[ 5585814ms] [WARNING] The resource https://kkeagle.com/brands/kkgame/startPage-bg.webp was preloaded using link preload but not used within a few seconds from the window's load event. Please make sure it has an appropriate `as` value and it is preloaded intentionally. @ https://kkeagle.com/#/:0
[ 5645812ms] [WARNING] The resource https://kkeagle.com/brands/kkgame/logo.png was preloaded using link preload but not used within a few seconds from the window's load event. Please make sure it has an appropriate `as` value and it is preloaded intentionally. @ https://kkeagle.com/#/:0
[ 5645813ms] [WARNING] The resource https://kkeagle.com/brands/kkgame/startPage-bg.webp was preloaded using link preload but not used within a few seconds from the window's load event. Please make sure it has an appropriate `as` value and it is preloaded intentionally. @ https://kkeagle.com/#/:0
[ 5705819ms] [WARNING] The resource https://kkeagle.com/brands/kkgame/logo.png was preloaded using link preload but not used within a few seconds from the window's load event. Please make sure it has an appropriate `as` value and it is preloaded intentionally. @ https://kkeagle.com/#/:0
[ 5705819ms] [WARNING] The resource https://kkeagle.com/brands/kkgame/startPage-bg.webp was preloaded using link preload but not used within a few seconds from the window's load event. Please make sure it has an appropriate `as` value and it is preloaded intentionally. @ https://kkeagle.com/#/:0
[ 5765647ms] [WARNING] The resource https://kkeagle.com/brands/kkgame/logo.png was preloaded using link preload but not used within a few seconds from the window's load event. Please make sure it has an appropriate `as` value and it is preloaded intentionally. @ https://kkeagle.com/#/:0
[ 5765647ms] [WARNING] The resource https://kkeagle.com/brands/kkgame/startPage-bg.webp was preloaded using link preload but not used within a few seconds from the window's load event. Please make sure it has an appropriate `as` value and it is preloaded intentionally. @ https://kkeagle.com/#/:0
[ 5825758ms] [WARNING] The resource https://kkeagle.com/brands/kkgame/logo.png was preloaded using link preload but not used within a few seconds from the window's load event. Please make sure it has an appropriate `as` value and it is preloaded intentionally. @ https://kkeagle.com/#/:0
[ 5825759ms] [WARNING] The resource https://kkeagle.com/brands/kkgame/startPage-bg.webp was preloaded using link preload but not used within a few seconds from the window's load event. Please make sure it has an appropriate `as` value and it is preloaded intentionally. @ https://kkeagle.com/#/:0
[ 5885949ms] [WARNING] The resource https://kkeagle.com/brands/kkgame/logo.png was preloaded using link preload but not used within a few seconds from the window's load event. Please make sure it has an appropriate `as` value and it is preloaded intentionally. @ https://kkeagle.com/#/:0
[ 5885949ms] [WARNING] The resource https://kkeagle.com/brands/kkgame/startPage-bg.webp was preloaded using link preload but not used within a few seconds from the window's load event. Please make sure it has an appropriate `as` value and it is preloaded intentionally. @ https://kkeagle.com/#/:0
[ 5945747ms] [WARNING] The resource https://kkeagle.com/brands/kkgame/logo.png was preloaded using link preload but not used within a few seconds from the window's load event. Please make sure it has an appropriate `as` value and it is preloaded intentionally. @ https://kkeagle.com/#/:0
[ 5945747ms] [WARNING] The resource https://kkeagle.com/brands/kkgame/startPage-bg.webp was preloaded using link preload but not used within a few seconds from the window's load event. Please make sure it has an appropriate `as` value and it is preloaded intentionally. @ https://kkeagle.com/#/:0
[ 6005648ms] [WARNING] The resource https://kkeagle.com/brands/kkgame/logo.png was preloaded using link preload but not used within a few seconds from the window's load event. Please make sure it has an appropriate `as` value and it is preloaded intentionally. @ https://kkeagle.com/#/:0
[ 6005648ms] [WARNING] The resource https://kkeagle.com/brands/kkgame/startPage-bg.webp was preloaded using link preload but not used within a few seconds from the window's load event. Please make sure it has an appropriate `as` value and it is preloaded intentionally. @ https://kkeagle.com/#/:0
[ 6065964ms] [WARNING] The resource https://kkeagle.com/brands/kkgame/logo.png was preloaded using link preload but not used within a few seconds from the window's load event. Please make sure it has an appropriate `as` value and it is preloaded intentionally. @ https://kkeagle.com/#/:0
[ 6065965ms] [WARNING] The resource https://kkeagle.com/brands/kkgame/startPage-bg.webp was preloaded using link preload but not used within a few seconds from the window's load event. Please make sure it has an appropriate `as` value and it is preloaded intentionally. @ https://kkeagle.com/#/:0
[ 6125758ms] [WARNING] The resource https://kkeagle.com/brands/kkgame/logo.png was preloaded using link preload but not used within a few seconds from the window's load event. Please make sure it has an appropriate `as` value and it is preloaded intentionally. @ https://kkeagle.com/#/:0
[ 6125758ms] [WARNING] The resource https://kkeagle.com/brands/kkgame/startPage-bg.webp was preloaded using link preload but not used within a few seconds from the window's load event. Please make sure it has an appropriate `as` value and it is preloaded intentionally. @ https://kkeagle.com/#/:0
[ 6185864ms] [WARNING] The resource https://kkeagle.com/brands/kkgame/logo.png was preloaded using link preload but not used within a few seconds from the window's load event. Please make sure it has an appropriate `as` value and it is preloaded intentionally. @ https://kkeagle.com/#/:0
[ 6185864ms] [WARNING] The resource https://kkeagle.com/brands/kkgame/startPage-bg.webp was preloaded using link preload but not used within a few seconds from the window's load event. Please make sure it has an appropriate `as` value and it is preloaded intentionally. @ https://kkeagle.com/#/:0
[ 6246017ms] [WARNING] The resource https://kkeagle.com/brands/kkgame/logo.png was preloaded using link preload but not used within a few seconds from the window's load event. Please make sure it has an appropriate `as` value and it is preloaded intentionally. @ https://kkeagle.com/#/:0
[ 6246018ms] [WARNING] The resource https://kkeagle.com/brands/kkgame/startPage-bg.webp was preloaded using link preload but not used within a few seconds from the window's load event. Please make sure it has an appropriate `as` value and it is preloaded intentionally. @ https://kkeagle.com/#/:0
[ 6305779ms] [WARNING] The resource https://kkeagle.com/brands/kkgame/logo.png was preloaded using link preload but not used within a few seconds from the window's load event. Please make sure it has an appropriate `as` value and it is preloaded intentionally. @ https://kkeagle.com/#/:0
[ 6305779ms] [WARNING] The resource https://kkeagle.com/brands/kkgame/startPage-bg.webp was preloaded using link preload but not used within a few seconds from the window's load event. Please make sure it has an appropriate `as` value and it is preloaded intentionally. @ https://kkeagle.com/#/:0
[ 6365890ms] [WARNING] The resource https://kkeagle.com/brands/kkgame/logo.png was preloaded using link preload but not used within a few seconds from the window's load event. Please make sure it has an appropriate `as` value and it is preloaded intentionally. @ https://kkeagle.com/#/:0
[ 6365890ms] [WARNING] The resource https://kkeagle.com/brands/kkgame/startPage-bg.webp was preloaded using link preload but not used within a few seconds from the window's load event. Please make sure it has an appropriate `as` value and it is preloaded intentionally. @ https://kkeagle.com/#/:0
[ 6429578ms] [WARNING] The resource https://kkeagle.com/brands/kkgame/logo.png was preloaded using link preload but not used within a few seconds from the window's load event. Please make sure it has an appropriate `as` value and it is preloaded intentionally. @ https://kkeagle.com/#/:0
[ 6429578ms] [WARNING] The resource https://kkeagle.com/brands/kkgame/startPage-bg.webp was preloaded using link preload but not used within a few seconds from the window's load event. Please make sure it has an appropriate `as` value and it is preloaded intentionally. @ https://kkeagle.com/#/:0
[ 6485696ms] [WARNING] The resource https://kkeagle.com/brands/kkgame/logo.png was preloaded using link preload but not used within a few seconds from the window's load event. Please make sure it has an appropriate `as` value and it is preloaded intentionally. @ https://kkeagle.com/#/:0
[ 6485696ms] [WARNING] The resource https://kkeagle.com/brands/kkgame/startPage-bg.webp was preloaded using link preload but not used within a few seconds from the window's load event. Please make sure it has an appropriate `as` value and it is preloaded intentionally. @ https://kkeagle.com/#/:0
[ 6545690ms] [WARNING] The resource https://kkeagle.com/brands/kkgame/logo.png was preloaded using link preload but not used within a few seconds from the window's load event. Please make sure it has an appropriate `as` value and it is preloaded intentionally. @ https://kkeagle.com/#/:0
[ 6545690ms] [WARNING] The resource https://kkeagle.com/brands/kkgame/startPage-bg.webp was preloaded using link preload but not used within a few seconds from the window's load event. Please make sure it has an appropriate `as` value and it is preloaded intentionally. @ https://kkeagle.com/#/:0
[ 6607117ms] [WARNING] The resource https://kkeagle.com/brands/kkgame/logo.png was preloaded using link preload but not used within a few seconds from the window's load event. Please make sure it has an appropriate `as` value and it is preloaded intentionally. @ https://kkeagle.com/#/:0
[ 6607117ms] [WARNING] The resource https://kkeagle.com/brands/kkgame/startPage-bg.webp was preloaded using link preload but not used within a few seconds from the window's load event. Please make sure it has an appropriate `as` value and it is preloaded intentionally. @ https://kkeagle.com/#/:0
[ 6667654ms] [WARNING] The resource https://kkeagle.com/brands/kkgame/logo.png was preloaded using link preload but not used within a few seconds from the window's load event. Please make sure it has an appropriate `as` value and it is preloaded intentionally. @ https://kkeagle.com/#/:0
[ 6667654ms] [WARNING] The resource https://kkeagle.com/brands/kkgame/startPage-bg.webp was preloaded using link preload but not used within a few seconds from the window's load event. Please make sure it has an appropriate `as` value and it is preloaded intentionally. @ https://kkeagle.com/#/:0
[ 6725711ms] [WARNING] The resource https://kkeagle.com/brands/kkgame/logo.png was preloaded using link preload but not used within a few seconds from the window's load event. Please make sure it has an appropriate `as` value and it is preloaded intentionally. @ https://kkeagle.com/#/:0
[ 6725711ms] [WARNING] The resource https://kkeagle.com/brands/kkgame/startPage-bg.webp was preloaded using link preload but not used within a few seconds from the window's load event. Please make sure it has an appropriate `as` value and it is preloaded intentionally. @ https://kkeagle.com/#/:0
[ 6785716ms] [WARNING] The resource https://kkeagle.com/brands/kkgame/logo.png was preloaded using link preload but not used within a few seconds from the window's load event. Please make sure it has an appropriate `as` value and it is preloaded intentionally. @ https://kkeagle.com/#/:0
[ 6785716ms] [WARNING] The resource https://kkeagle.com/brands/kkgame/startPage-bg.webp was preloaded using link preload but not used within a few seconds from the window's load event. Please make sure it has an appropriate `as` value and it is preloaded intentionally. @ https://kkeagle.com/#/:0
[ 6845725ms] [WARNING] The resource https://kkeagle.com/brands/kkgame/logo.png was preloaded using link preload but not used within a few seconds from the window's load event. Please make sure it has an appropriate `as` value and it is preloaded intentionally. @ https://kkeagle.com/#/:0
[ 6845725ms] [WARNING] The resource https://kkeagle.com/brands/kkgame/startPage-bg.webp was preloaded using link preload but not used within a few seconds from the window's load event. Please make sure it has an appropriate `as` value and it is preloaded intentionally. @ https://kkeagle.com/#/:0
[ 6905665ms] [WARNING] The resource https://kkeagle.com/brands/kkgame/logo.png was preloaded using link preload but not used within a few seconds from the window's load event. Please make sure it has an appropriate `as` value and it is preloaded intentionally. @ https://kkeagle.com/#/:0
[ 6905666ms] [WARNING] The resource https://kkeagle.com/brands/kkgame/startPage-bg.webp was preloaded using link preload but not used within a few seconds from the window's load event. Please make sure it has an appropriate `as` value and it is preloaded intentionally. @ https://kkeagle.com/#/:0
[ 6966058ms] [WARNING] The resource https://kkeagle.com/brands/kkgame/logo.png was preloaded using link preload but not used within a few seconds from the window's load event. Please make sure it has an appropriate `as` value and it is preloaded intentionally. @ https://kkeagle.com/#/:0
[ 6966058ms] [WARNING] The resource https://kkeagle.com/brands/kkgame/startPage-bg.webp was preloaded using link preload but not used within a few seconds from the window's load event. Please make sure it has an appropriate `as` value and it is preloaded intentionally. @ https://kkeagle.com/#/:0
[ 7025659ms] [WARNING] The resource https://kkeagle.com/brands/kkgame/logo.png was preloaded using link preload but not used within a few seconds from the window's load event. Please make sure it has an appropriate `as` value and it is preloaded intentionally. @ https://kkeagle.com/#/:0
[ 7025659ms] [WARNING] The resource https://kkeagle.com/brands/kkgame/startPage-bg.webp was preloaded using link preload but not used within a few seconds from the window's load event. Please make sure it has an appropriate `as` value and it is preloaded intentionally. @ https://kkeagle.com/#/:0
[ 7086055ms] [WARNING] The resource https://kkeagle.com/brands/kkgame/logo.png was preloaded using link preload but not used within a few seconds from the window's load event. Please make sure it has an appropriate `as` value and it is preloaded intentionally. @ https://kkeagle.com/#/:0
[ 7086055ms] [WARNING] The resource https://kkeagle.com/brands/kkgame/startPage-bg.webp was preloaded using link preload but not used within a few seconds from the window's load event. Please make sure it has an appropriate `as` value and it is preloaded intentionally. @ https://kkeagle.com/#/:0
[ 7145748ms] [WARNING] The resource https://kkeagle.com/brands/kkgame/logo.png was preloaded using link preload but not used within a few seconds from the window's load event. Please make sure it has an appropriate `as` value and it is preloaded intentionally. @ https://kkeagle.com/#/:0
[ 7145749ms] [WARNING] The resource https://kkeagle.com/brands/kkgame/startPage-bg.webp was preloaded using link preload but not used within a few seconds from the window's load event. Please make sure it has an appropriate `as` value and it is preloaded intentionally. @ https://kkeagle.com/#/:0
[ 7205767ms] [WARNING] The resource https://kkeagle.com/brands/kkgame/logo.png was preloaded using link preload but not used within a few seconds from the window's load event. Please make sure it has an appropriate `as` value and it is preloaded intentionally. @ https://kkeagle.com/#/:0
[ 7205767ms] [WARNING] The resource https://kkeagle.com/brands/kkgame/startPage-bg.webp was preloaded using link preload but not used within a few seconds from the window's load event. Please make sure it has an appropriate `as` value and it is preloaded intentionally. @ https://kkeagle.com/#/:0
[ 7265672ms] [WARNING] The resource https://kkeagle.com/brands/kkgame/logo.png was preloaded using link preload but not used within a few seconds from the window's load event. Please make sure it has an appropriate `as` value and it is preloaded intentionally. @ https://kkeagle.com/#/:0
[ 7265672ms] [WARNING] The resource https://kkeagle.com/brands/kkgame/startPage-bg.webp was preloaded using link preload but not used within a few seconds from the window's load event. Please make sure it has an appropriate `as` value and it is preloaded intentionally. @ https://kkeagle.com/#/:0
[ 7325678ms] [WARNING] The resource https://kkeagle.com/brands/kkgame/logo.png was preloaded using link preload but not used within a few seconds from the window's load event. Please make sure it has an appropriate `as` value and it is preloaded intentionally. @ https://kkeagle.com/#/:0
[ 7325679ms] [WARNING] The resource https://kkeagle.com/brands/kkgame/startPage-bg.webp was preloaded using link preload but not used within a few seconds from the window's load event. Please make sure it has an appropriate `as` value and it is preloaded intentionally. @ https://kkeagle.com/#/:0
[ 7386240ms] [WARNING] The resource https://kkeagle.com/brands/kkgame/logo.png was preloaded using link preload but not used within a few seconds from the window's load event. Please make sure it has an appropriate `as` value and it is preloaded intentionally. @ https://kkeagle.com/#/:0
[ 7386241ms] [WARNING] The resource https://kkeagle.com/brands/kkgame/startPage-bg.webp was preloaded using link preload but not used within a few seconds from the window's load event. Please make sure it has an appropriate `as` value and it is preloaded intentionally. @ https://kkeagle.com/#/:0
[ 7445784ms] [WARNING] The resource https://kkeagle.com/brands/kkgame/logo.png was preloaded using link preload but not used within a few seconds from the window's load event. Please make sure it has an appropriate `as` value and it is preloaded intentionally. @ https://kkeagle.com/#/:0
[ 7445784ms] [WARNING] The resource https://kkeagle.com/brands/kkgame/startPage-bg.webp was preloaded using link preload but not used within a few seconds from the window's load event. Please make sure it has an appropriate `as` value and it is preloaded intentionally. @ https://kkeagle.com/#/:0
[ 7505878ms] [WARNING] The resource https://kkeagle.com/brands/kkgame/logo.png was preloaded using link preload but not used within a few seconds from the window's load event. Please make sure it has an appropriate `as` value and it is preloaded intentionally. @ https://kkeagle.com/#/:0
[ 7505878ms] [WARNING] The resource https://kkeagle.com/brands/kkgame/startPage-bg.webp was preloaded using link preload but not used within a few seconds from the window's load event. Please make sure it has an appropriate `as` value and it is preloaded intentionally. @ https://kkeagle.com/#/:0
[ 7565911ms] [WARNING] The resource https://kkeagle.com/brands/kkgame/logo.png was preloaded using link preload but not used within a few seconds from the window's load event. Please make sure it has an appropriate `as` value and it is preloaded intentionally. @ https://kkeagle.com/#/:0
[ 7565912ms] [WARNING] The resource https://kkeagle.com/brands/kkgame/startPage-bg.webp was preloaded using link preload but not used within a few seconds from the window's load event. Please make sure it has an appropriate `as` value and it is preloaded intentionally. @ https://kkeagle.com/#/:0
[ 7625803ms] [WARNING] The resource https://kkeagle.com/brands/kkgame/logo.png was preloaded using link preload but not used within a few seconds from the window's load event. Please make sure it has an appropriate `as` value and it is preloaded intentionally. @ https://kkeagle.com/#/:0
[ 7625804ms] [WARNING] The resource https://kkeagle.com/brands/kkgame/startPage-bg.webp was preloaded using link preload but not used within a few seconds from the window's load event. Please make sure it has an appropriate `as` value and it is preloaded intentionally. @ https://kkeagle.com/#/:0
[ 7685698ms] [WARNING] The resource https://kkeagle.com/brands/kkgame/logo.png was preloaded using link preload but not used within a few seconds from the window's load event. Please make sure it has an appropriate `as` value and it is preloaded intentionally. @ https://kkeagle.com/#/:0
[ 7685698ms] [WARNING] The resource https://kkeagle.com/brands/kkgame/startPage-bg.webp was preloaded using link preload but not used within a few seconds from the window's load event. Please make sure it has an appropriate `as` value and it is preloaded intentionally. @ https://kkeagle.com/#/:0
[ 7745791ms] [WARNING] The resource https://kkeagle.com/brands/kkgame/logo.png was preloaded using link preload but not used within a few seconds from the window's load event. Please make sure it has an appropriate `as` value and it is preloaded intentionally. @ https://kkeagle.com/#/:0
[ 7745791ms] [WARNING] The resource https://kkeagle.com/brands/kkgame/startPage-bg.webp was preloaded using link preload but not used within a few seconds from the window's load event. Please make sure it has an appropriate `as` value and it is preloaded intentionally. @ https://kkeagle.com/#/:0
[ 7805830ms] [WARNING] The resource https://kkeagle.com/brands/kkgame/logo.png was preloaded using link preload but not used within a few seconds from the window's load event. Please make sure it has an appropriate `as` value and it is preloaded intentionally. @ https://kkeagle.com/#/:0
[ 7805831ms] [WARNING] The resource https://kkeagle.com/brands/kkgame/startPage-bg.webp was preloaded using link preload but not used within a few seconds from the window's load event. Please make sure it has an appropriate `as` value and it is preloaded intentionally. @ https://kkeagle.com/#/:0
[ 7865717ms] [WARNING] The resource https://kkeagle.com/brands/kkgame/logo.png was preloaded using link preload but not used within a few seconds from the window's load event. Please make sure it has an appropriate `as` value and it is preloaded intentionally. @ https://kkeagle.com/#/:0
[ 7865717ms] [WARNING] The resource https://kkeagle.com/brands/kkgame/startPage-bg.webp was preloaded using link preload but not used within a few seconds from the window's load event. Please make sure it has an appropriate `as` value and it is preloaded intentionally. @ https://kkeagle.com/#/:0
[ 7926852ms] [WARNING] The resource https://kkeagle.com/brands/kkgame/logo.png was preloaded using link preload but not used within a few seconds from the window's load event. Please make sure it has an appropriate `as` value and it is preloaded intentionally. @ https://kkeagle.com/#/:0
[ 7926853ms] [WARNING] The resource https://kkeagle.com/brands/kkgame/startPage-bg.webp was preloaded using link preload but not used within a few seconds from the window's load event. Please make sure it has an appropriate `as` value and it is preloaded intentionally. @ https://kkeagle.com/#/:0
[ 7985727ms] [WARNING] The resource https://kkeagle.com/brands/kkgame/logo.png was preloaded using link preload but not used within a few seconds from the window's load event. Please make sure it has an appropriate `as` value and it is preloaded intentionally. @ https://kkeagle.com/#/:0
[ 7985728ms] [WARNING] The resource https://kkeagle.com/brands/kkgame/startPage-bg.webp was preloaded using link preload but not used within a few seconds from the window's load event. Please make sure it has an appropriate `as` value and it is preloaded intentionally. @ https://kkeagle.com/#/:0
[ 8045761ms] [WARNING] The resource https://kkeagle.com/brands/kkgame/logo.png was preloaded using link preload but not used within a few seconds from the window's load event. Please make sure it has an appropriate `as` value and it is preloaded intentionally. @ https://kkeagle.com/#/:0
[ 8045762ms] [WARNING] The resource https://kkeagle.com/brands/kkgame/startPage-bg.webp was preloaded using link preload but not used within a few seconds from the window's load event. Please make sure it has an appropriate `as` value and it is preloaded intentionally. @ https://kkeagle.com/#/:0
[ 8107582ms] [WARNING] The resource https://kkeagle.com/brands/kkgame/logo.png was preloaded using link preload but not used within a few seconds from the window's load event. Please make sure it has an appropriate `as` value and it is preloaded intentionally. @ https://kkeagle.com/#/:0
[ 8107583ms] [WARNING] The resource https://kkeagle.com/brands/kkgame/startPage-bg.webp was preloaded using link preload but not used within a few seconds from the window's load event. Please make sure it has an appropriate `as` value and it is preloaded intentionally. @ https://kkeagle.com/#/:0
[ 8165915ms] [WARNING] The resource https://kkeagle.com/brands/kkgame/logo.png was preloaded using link preload but not used within a few seconds from the window's load event. Please make sure it has an appropriate `as` value and it is preloaded intentionally. @ https://kkeagle.com/#/:0
[ 8165915ms] [WARNING] The resource https://kkeagle.com/brands/kkgame/startPage-bg.webp was preloaded using link preload but not used within a few seconds from the window's load event. Please make sure it has an appropriate `as` value and it is preloaded intentionally. @ https://kkeagle.com/#/:0
[ 8225673ms] [WARNING] The resource https://kkeagle.com/brands/kkgame/logo.png was preloaded using link preload but not used within a few seconds from the window's load event. Please make sure it has an appropriate `as` value and it is preloaded intentionally. @ https://kkeagle.com/#/:0
[ 8225673ms] [WARNING] The resource https://kkeagle.com/brands/kkgame/startPage-bg.webp was preloaded using link preload but not used within a few seconds from the window's load event. Please make sure it has an appropriate `as` value and it is preloaded intentionally. @ https://kkeagle.com/#/:0
[ 8285760ms] [WARNING] The resource https://kkeagle.com/brands/kkgame/logo.png was preloaded using link preload but not used within a few seconds from the window's load event. Please make sure it has an appropriate `as` value and it is preloaded intentionally. @ https://kkeagle.com/#/:0
[ 8285760ms] [WARNING] The resource https://kkeagle.com/brands/kkgame/startPage-bg.webp was preloaded using link preload but not used within a few seconds from the window's load event. Please make sure it has an appropriate `as` value and it is preloaded intentionally. @ https://kkeagle.com/#/:0
[ 8345702ms] [WARNING] The resource https://kkeagle.com/brands/kkgame/logo.png was preloaded using link preload but not used within a few seconds from the window's load event. Please make sure it has an appropriate `as` value and it is preloaded intentionally. @ https://kkeagle.com/#/:0
[ 8345703ms] [WARNING] The resource https://kkeagle.com/brands/kkgame/startPage-bg.webp was preloaded using link preload but not used within a few seconds from the window's load event. Please make sure it has an appropriate `as` value and it is preloaded intentionally. @ https://kkeagle.com/#/:0
[ 8405871ms] [WARNING] The resource https://kkeagle.com/brands/kkgame/logo.png was preloaded using link preload but not used within a few seconds from the window's load event. Please make sure it has an appropriate `as` value and it is preloaded intentionally. @ https://kkeagle.com/#/:0
[ 8405872ms] [WARNING] The resource https://kkeagle.com/brands/kkgame/startPage-bg.webp was preloaded using link preload but not used within a few seconds from the window's load event. Please make sure it has an appropriate `as` value and it is preloaded intentionally. @ https://kkeagle.com/#/:0
[ 8467012ms] [WARNING] The resource https://kkeagle.com/brands/kkgame/logo.png was preloaded using link preload but not used within a few seconds from the window's load event. Please make sure it has an appropriate `as` value and it is preloaded intentionally. @ https://kkeagle.com/#/:0
[ 8467012ms] [WARNING] The resource https://kkeagle.com/brands/kkgame/startPage-bg.webp was preloaded using link preload but not used within a few seconds from the window's load event. Please make sure it has an appropriate `as` value and it is preloaded intentionally. @ https://kkeagle.com/#/:0
[ 8525697ms] [WARNING] The resource https://kkeagle.com/brands/kkgame/logo.png was preloaded using link preload but not used within a few seconds from the window's load event. Please make sure it has an appropriate `as` value and it is preloaded intentionally. @ https://kkeagle.com/#/:0
[ 8525697ms] [WARNING] The resource https://kkeagle.com/brands/kkgame/startPage-bg.webp was preloaded using link preload but not used within a few seconds from the window's load event. Please make sure it has an appropriate `as` value and it is preloaded intentionally. @ https://kkeagle.com/#/:0
[ 8585814ms] [WARNING] The resource https://kkeagle.com/brands/kkgame/logo.png was preloaded using link preload but not used within a few seconds from the window's load event. Please make sure it has an appropriate `as` value and it is preloaded intentionally. @ https://kkeagle.com/#/:0
[ 8585815ms] [WARNING] The resource https://kkeagle.com/brands/kkgame/startPage-bg.webp was preloaded using link preload but not used within a few seconds from the window's load event. Please make sure it has an appropriate `as` value and it is preloaded intentionally. @ https://kkeagle.com/#/:0
[ 8645731ms] [WARNING] The resource https://kkeagle.com/brands/kkgame/logo.png was preloaded using link preload but not used within a few seconds from the window's load event. Please make sure it has an appropriate `as` value and it is preloaded intentionally. @ https://kkeagle.com/#/:0
[ 8645731ms] [WARNING] The resource https://kkeagle.com/brands/kkgame/startPage-bg.webp was preloaded using link preload but not used within a few seconds from the window's load event. Please make sure it has an appropriate `as` value and it is preloaded intentionally. @ https://kkeagle.com/#/:0
[ 8705700ms] [WARNING] The resource https://kkeagle.com/brands/kkgame/logo.png was preloaded using link preload but not used within a few seconds from the window's load event. Please make sure it has an appropriate `as` value and it is preloaded intentionally. @ https://kkeagle.com/#/:0
[ 8705700ms] [WARNING] The resource https://kkeagle.com/brands/kkgame/startPage-bg.webp was preloaded using link preload but not used within a few seconds from the window's load event. Please make sure it has an appropriate `as` value and it is preloaded intentionally. @ https://kkeagle.com/#/:0
[ 8765828ms] [WARNING] The resource https://kkeagle.com/brands/kkgame/logo.png was preloaded using link preload but not used within a few seconds from the window's load event. Please make sure it has an appropriate `as` value and it is preloaded intentionally. @ https://kkeagle.com/#/:0
[ 8765828ms] [WARNING] The resource https://kkeagle.com/brands/kkgame/startPage-bg.webp was preloaded using link preload but not used within a few seconds from the window's load event. Please make sure it has an appropriate `as` value and it is preloaded intentionally. @ https://kkeagle.com/#/:0
[ 8825878ms] [WARNING] The resource https://kkeagle.com/brands/kkgame/logo.png was preloaded using link preload but not used within a few seconds from the window's load event. Please make sure it has an appropriate `as` value and it is preloaded intentionally. @ https://kkeagle.com/#/:0
[ 8825878ms] [WARNING] The resource https://kkeagle.com/brands/kkgame/startPage-bg.webp was preloaded using link preload but not used within a few seconds from the window's load event. Please make sure it has an appropriate `as` value and it is preloaded intentionally. @ https://kkeagle.com/#/:0
[ 8885681ms] [WARNING] The resource https://kkeagle.com/brands/kkgame/logo.png was preloaded using link preload but not used within a few seconds from the window's load event. Please make sure it has an appropriate `as` value and it is preloaded intentionally. @ https://kkeagle.com/#/:0
[ 8885681ms] [WARNING] The resource https://kkeagle.com/brands/kkgame/startPage-bg.webp was preloaded using link preload but not used within a few seconds from the window's load event. Please make sure it has an appropriate `as` value and it is preloaded intentionally. @ https://kkeagle.com/#/:0
[ 8946008ms] [WARNING] The resource https://kkeagle.com/brands/kkgame/logo.png was preloaded using link preload but not used within a few seconds from the window's load event. Please make sure it has an appropriate `as` value and it is preloaded intentionally. @ https://kkeagle.com/#/:0
[ 8946008ms] [WARNING] The resource https://kkeagle.com/brands/kkgame/startPage-bg.webp was preloaded using link preload but not used within a few seconds from the window's load event. Please make sure it has an appropriate `as` value and it is preloaded intentionally. @ https://kkeagle.com/#/:0
[ 9005691ms] [WARNING] The resource https://kkeagle.com/brands/kkgame/logo.png was preloaded using link preload but not used within a few seconds from the window's load event. Please make sure it has an appropriate `as` value and it is preloaded intentionally. @ https://kkeagle.com/#/:0
[ 9005692ms] [WARNING] The resource https://kkeagle.com/brands/kkgame/startPage-bg.webp was preloaded using link preload but not used within a few seconds from the window's load event. Please make sure it has an appropriate `as` value and it is preloaded intentionally. @ https://kkeagle.com/#/:0
[ 9065741ms] [WARNING] The resource https://kkeagle.com/brands/kkgame/logo.png was preloaded using link preload but not used within a few seconds from the window's load event. Please make sure it has an appropriate `as` value and it is preloaded intentionally. @ https://kkeagle.com/#/:0
[ 9065742ms] [WARNING] The resource https://kkeagle.com/brands/kkgame/startPage-bg.webp was preloaded using link preload but not used within a few seconds from the window's load event. Please make sure it has an appropriate `as` value and it is preloaded intentionally. @ https://kkeagle.com/#/:0
[ 9125695ms] [WARNING] The resource https://kkeagle.com/brands/kkgame/logo.png was preloaded using link preload but not used within a few seconds from the window's load event. Please make sure it has an appropriate `as` value and it is preloaded intentionally. @ https://kkeagle.com/#/:0
[ 9125695ms] [WARNING] The resource https://kkeagle.com/brands/kkgame/startPage-bg.webp was preloaded using link preload but not used within a few seconds from the window's load event. Please make sure it has an appropriate `as` value and it is preloaded intentionally. @ https://kkeagle.com/#/:0
[ 9185825ms] [WARNING] The resource https://kkeagle.com/brands/kkgame/logo.png was preloaded using link preload but not used within a few seconds from the window's load event. Please make sure it has an appropriate `as` value and it is preloaded intentionally. @ https://kkeagle.com/#/:0
[ 9185825ms] [WARNING] The resource https://kkeagle.com/brands/kkgame/startPage-bg.webp was preloaded using link preload but not used within a few seconds from the window's load event. Please make sure it has an appropriate `as` value and it is preloaded intentionally. @ https://kkeagle.com/#/:0
[ 9245801ms] [WARNING] The resource https://kkeagle.com/brands/kkgame/logo.png was preloaded using link preload but not used within a few seconds from the window's load event. Please make sure it has an appropriate `as` value and it is preloaded intentionally. @ https://kkeagle.com/#/:0
[ 9245802ms] [WARNING] The resource https://kkeagle.com/brands/kkgame/startPage-bg.webp was preloaded using link preload but not used within a few seconds from the window's load event. Please make sure it has an appropriate `as` value and it is preloaded intentionally. @ https://kkeagle.com/#/:0
[ 9306183ms] [WARNING] The resource https://kkeagle.com/brands/kkgame/logo.png was preloaded using link preload but not used within a few seconds from the window's load event. Please make sure it has an appropriate `as` value and it is preloaded intentionally. @ https://kkeagle.com/#/:0
[ 9306184ms] [WARNING] The resource https://kkeagle.com/brands/kkgame/startPage-bg.webp was preloaded using link preload but not used within a few seconds from the window's load event. Please make sure it has an appropriate `as` value and it is preloaded intentionally. @ https://kkeagle.com/#/:0
[ 9365660ms] [WARNING] The resource https://kkeagle.com/brands/kkgame/logo.png was preloaded using link preload but not used within a few seconds from the window's load event. Please make sure it has an appropriate `as` value and it is preloaded intentionally. @ https://kkeagle.com/#/:0
[ 9365660ms] [WARNING] The resource https://kkeagle.com/brands/kkgame/startPage-bg.webp was preloaded using link preload but not used within a few seconds from the window's load event. Please make sure it has an appropriate `as` value and it is preloaded intentionally. @ https://kkeagle.com/#/:0
[ 9425727ms] [WARNING] The resource https://kkeagle.com/brands/kkgame/logo.png was preloaded using link preload but not used within a few seconds from the window's load event. Please make sure it has an appropriate `as` value and it is preloaded intentionally. @ https://kkeagle.com/#/:0
[ 9425727ms] [WARNING] The resource https://kkeagle.com/brands/kkgame/startPage-bg.webp was preloaded using link preload but not used within a few seconds from the window's load event. Please make sure it has an appropriate `as` value and it is preloaded intentionally. @ https://kkeagle.com/#/:0
[ 9488927ms] [WARNING] The resource https://kkeagle.com/brands/kkgame/logo.png was preloaded using link preload but not used within a few seconds from the window's load event. Please make sure it has an appropriate `as` value and it is preloaded intentionally. @ https://kkeagle.com/#/:0
[ 9488928ms] [WARNING] The resource https://kkeagle.com/brands/kkgame/startPage-bg.webp was preloaded using link preload but not used within a few seconds from the window's load event. Please make sure it has an appropriate `as` value and it is preloaded intentionally. @ https://kkeagle.com/#/:0
[ 9546571ms] [WARNING] The resource https://kkeagle.com/brands/kkgame/logo.png was preloaded using link preload but not used within a few seconds from the window's load event. Please make sure it has an appropriate `as` value and it is preloaded intentionally. @ https://kkeagle.com/#/:0
[ 9546572ms] [WARNING] The resource https://kkeagle.com/brands/kkgame/startPage-bg.webp was preloaded using link preload but not used within a few seconds from the window's load event. Please make sure it has an appropriate `as` value and it is preloaded intentionally. @ https://kkeagle.com/#/:0
[ 9606361ms] [WARNING] The resource https://kkeagle.com/brands/kkgame/logo.png was preloaded using link preload but not used within a few seconds from the window's load event. Please make sure it has an appropriate `as` value and it is preloaded intentionally. @ https://kkeagle.com/#/:0
[ 9606361ms] [WARNING] The resource https://kkeagle.com/brands/kkgame/startPage-bg.webp was preloaded using link preload but not used within a few seconds from the window's load event. Please make sure it has an appropriate `as` value and it is preloaded intentionally. @ https://kkeagle.com/#/:0
[ 9668025ms] [WARNING] The resource https://kkeagle.com/brands/kkgame/logo.png was preloaded using link preload but not used within a few seconds from the window's load event. Please make sure it has an appropriate `as` value and it is preloaded intentionally. @ https://kkeagle.com/#/:0
[ 9668025ms] [WARNING] The resource https://kkeagle.com/brands/kkgame/startPage-bg.webp was preloaded using link preload but not used within a few seconds from the window's load event. Please make sure it has an appropriate `as` value and it is preloaded intentionally. @ https://kkeagle.com/#/:0
[ 9726150ms] [WARNING] The resource https://kkeagle.com/brands/kkgame/logo.png was preloaded using link preload but not used within a few seconds from the window's load event. Please make sure it has an appropriate `as` value and it is preloaded intentionally. @ https://kkeagle.com/#/:0
[ 9726151ms] [WARNING] The resource https://kkeagle.com/brands/kkgame/startPage-bg.webp was preloaded using link preload but not used within a few seconds from the window's load event. Please make sure it has an appropriate `as` value and it is preloaded intentionally. @ https://kkeagle.com/#/:0
[ 9785908ms] [WARNING] The resource https://kkeagle.com/brands/kkgame/logo.png was preloaded using link preload but not used within a few seconds from the window's load event. Please make sure it has an appropriate `as` value and it is preloaded intentionally. @ https://kkeagle.com/#/:0
[ 9785908ms] [WARNING] The resource https://kkeagle.com/brands/kkgame/startPage-bg.webp was preloaded using link preload but not used within a few seconds from the window's load event. Please make sure it has an appropriate `as` value and it is preloaded intentionally. @ https://kkeagle.com/#/:0
[ 9845802ms] [WARNING] The resource https://kkeagle.com/brands/kkgame/logo.png was preloaded using link preload but not used within a few seconds from the window's load event. Please make sure it has an appropriate `as` value and it is preloaded intentionally. @ https://kkeagle.com/#/:0
[ 9845802ms] [WARNING] The resource https://kkeagle.com/brands/kkgame/startPage-bg.webp was preloaded using link preload but not used within a few seconds from the window's load event. Please make sure it has an appropriate `as` value and it is preloaded intentionally. @ https://kkeagle.com/#/:0
[ 9907717ms] [WARNING] The resource https://kkeagle.com/brands/kkgame/logo.png was preloaded using link preload but not used within a few seconds from the window's load event. Please make sure it has an appropriate `as` value and it is preloaded intentionally. @ https://kkeagle.com/#/:0
[ 9907717ms] [WARNING] The resource https://kkeagle.com/brands/kkgame/startPage-bg.webp was preloaded using link preload but not used within a few seconds from the window's load event. Please make sure it has an appropriate `as` value and it is preloaded intentionally. @ https://kkeagle.com/#/:0
[ 9966797ms] [WARNING] The resource https://kkeagle.com/brands/kkgame/logo.png was preloaded using link preload but not used within a few seconds from the window's load event. Please make sure it has an appropriate `as` value and it is preloaded intentionally. @ https://kkeagle.com/#/:0
[ 9966797ms] [WARNING] The resource https://kkeagle.com/brands/kkgame/startPage-bg.webp was preloaded using link preload but not used within a few seconds from the window's load event. Please make sure it has an appropriate `as` value and it is preloaded intentionally. @ https://kkeagle.com/#/:0
[10025981ms] [WARNING] The resource https://kkeagle.com/brands/kkgame/logo.png was preloaded using link preload but not used within a few seconds from the window's load event. Please make sure it has an appropriate `as` value and it is preloaded intentionally. @ https://kkeagle.com/#/:0
[10025981ms] [WARNING] The resource https://kkeagle.com/brands/kkgame/startPage-bg.webp was preloaded using link preload but not used within a few seconds from the window's load event. Please make sure it has an appropriate `as` value and it is preloaded intentionally. @ https://kkeagle.com/#/:0
[10086166ms] [WARNING] The resource https://kkeagle.com/brands/kkgame/logo.png was preloaded using link preload but not used within a few seconds from the window's load event. Please make sure it has an appropriate `as` value and it is preloaded intentionally. @ https://kkeagle.com/#/:0
[10086166ms] [WARNING] The resource https://kkeagle.com/brands/kkgame/startPage-bg.webp was preloaded using link preload but not used within a few seconds from the window's load event. Please make sure it has an appropriate `as` value and it is preloaded intentionally. @ https://kkeagle.com/#/:0
[10153157ms] [ERROR] Failed to load resource: net::ERR_NETWORK_CHANGED @ https://kkeagle.com/version.json?t=1786792695596:0
[10155138ms] [ERROR] Failed to load resource: net::ERR_NAME_NOT_RESOLVED @ https://kkeagle.com/index.html?t=1786792695596:0
[10158140ms] [WARNING] The resource https://kkeagle.com/brands/kkgame/logo.png was preloaded using link preload but not used within a few seconds from the window's load event. Please make sure it has an appropriate `as` value and it is preloaded intentionally. @ https://kkeagle.com/#/:0
[10158140ms] [WARNING] The resource https://kkeagle.com/brands/kkgame/startPage-bg.webp was preloaded using link preload but not used within a few seconds from the window's load event. Please make sure it has an appropriate `as` value and it is preloaded intentionally. @ https://kkeagle.com/#/:0
[10202480ms] [ERROR] Failed to load resource: net::ERR_NAME_NOT_RESOLVED @ https://kkeagle.com/version.json?t=1786792755586:0
[10202485ms] [ERROR] Failed to load resource: net::ERR_NAME_NOT_RESOLVED @ https://kkeagle.com/index.html?t=1786792755586:0
[10205488ms] [WARNING] The resource https://kkeagle.com/brands/kkgame/logo.png was preloaded using link preload but not used within a few seconds from the window's load event. Please make sure it has an appropriate `as` value and it is preloaded intentionally. @ https://kkeagle.com/#/:0
[10205488ms] [WARNING] The resource https://kkeagle.com/brands/kkgame/startPage-bg.webp was preloaded using link preload but not used within a few seconds from the window's load event. Please make sure it has an appropriate `as` value and it is preloaded intentionally. @ https://kkeagle.com/#/:0
[10262486ms] [ERROR] Failed to load resource: net::ERR_NAME_NOT_RESOLVED @ https://kkeagle.com/version.json?t=1786792815592:0
[10262492ms] [ERROR] Failed to load resource: net::ERR_NAME_NOT_RESOLVED @ https://kkeagle.com/index.html?t=1786792815592:0
[10265503ms] [WARNING] The resource https://kkeagle.com/brands/kkgame/logo.png was preloaded using link preload but not used within a few seconds from the window's load event. Please make sure it has an appropriate `as` value and it is preloaded intentionally. @ https://kkeagle.com/#/:0
[10265504ms] [WARNING] The resource https://kkeagle.com/brands/kkgame/startPage-bg.webp was preloaded using link preload but not used within a few seconds from the window's load event. Please make sure it has an appropriate `as` value and it is preloaded intentionally. @ https://kkeagle.com/#/:0
[10322514ms] [ERROR] Failed to load resource: net::ERR_NAME_NOT_RESOLVED @ https://kkeagle.com/version.json?t=1786792875624:0
[10322521ms] [ERROR] Failed to load resource: net::ERR_NAME_NOT_RESOLVED @ https://kkeagle.com/index.html?t=1786792875624:0
[10325525ms] [WARNING] The resource https://kkeagle.com/brands/kkgame/logo.png was preloaded using link preload but not used within a few seconds from the window's load event. Please make sure it has an appropriate `as` value and it is preloaded intentionally. @ https://kkeagle.com/#/:0
[10325525ms] [WARNING] The resource https://kkeagle.com/brands/kkgame/startPage-bg.webp was preloaded using link preload but not used within a few seconds from the window's load event. Please make sure it has an appropriate `as` value and it is preloaded intentionally. @ https://kkeagle.com/#/:0
[10386424ms] [WARNING] The resource https://kkeagle.com/brands/kkgame/logo.png was preloaded using link preload but not used within a few seconds from the window's load event. Please make sure it has an appropriate `as` value and it is preloaded intentionally. @ https://kkeagle.com/#/:0
[10386424ms] [WARNING] The resource https://kkeagle.com/brands/kkgame/startPage-bg.webp was preloaded using link preload but not used within a few seconds from the window's load event. Please make sure it has an appropriate `as` value and it is preloaded intentionally. @ https://kkeagle.com/#/:0
[10445762ms] [WARNING] The resource https://kkeagle.com/brands/kkgame/logo.png was preloaded using link preload but not used within a few seconds from the window's load event. Please make sure it has an appropriate `as` value and it is preloaded intentionally. @ https://kkeagle.com/#/:0
[10445762ms] [WARNING] The resource https://kkeagle.com/brands/kkgame/startPage-bg.webp was preloaded using link preload but not used within a few seconds from the window's load event. Please make sure it has an appropriate `as` value and it is preloaded intentionally. @ https://kkeagle.com/#/:0
[10506079ms] [WARNING] The resource https://kkeagle.com/brands/kkgame/logo.png was preloaded using link preload but not used within a few seconds from the window's load event. Please make sure it has an appropriate `as` value and it is preloaded intentionally. @ https://kkeagle.com/#/:0
[10506079ms] [WARNING] The resource https://kkeagle.com/brands/kkgame/startPage-bg.webp was preloaded using link preload but not used within a few seconds from the window's load event. Please make sure it has an appropriate `as` value and it is preloaded intentionally. @ https://kkeagle.com/#/:0
[10566223ms] [WARNING] The resource https://kkeagle.com/brands/kkgame/logo.png was preloaded using link preload but not used within a few seconds from the window's load event. Please make sure it has an appropriate `as` value and it is preloaded intentionally. @ https://kkeagle.com/#/:0
[10566223ms] [WARNING] The resource https://kkeagle.com/brands/kkgame/startPage-bg.webp was preloaded using link preload but not used within a few seconds from the window's load event. Please make sure it has an appropriate `as` value and it is preloaded intentionally. @ https://kkeagle.com/#/:0
[10625876ms] [WARNING] The resource https://kkeagle.com/brands/kkgame/logo.png was preloaded using link preload but not used within a few seconds from the window's load event. Please make sure it has an appropriate `as` value and it is preloaded intentionally. @ https://kkeagle.com/#/:0
[10625876ms] [WARNING] The resource https://kkeagle.com/brands/kkgame/startPage-bg.webp was preloaded using link preload but not used within a few seconds from the window's load event. Please make sure it has an appropriate `as` value and it is preloaded intentionally. @ https://kkeagle.com/#/:0
[10685697ms] [WARNING] The resource https://kkeagle.com/brands/kkgame/logo.png was preloaded using link preload but not used within a few seconds from the window's load event. Please make sure it has an appropriate `as` value and it is preloaded intentionally. @ https://kkeagle.com/#/:0
[10685698ms] [WARNING] The resource https://kkeagle.com/brands/kkgame/startPage-bg.webp was preloaded using link preload but not used within a few seconds from the window's load event. Please make sure it has an appropriate `as` value and it is preloaded intentionally. @ https://kkeagle.com/#/:0
[10745940ms] [WARNING] The resource https://kkeagle.com/brands/kkgame/logo.png was preloaded using link preload but not used within a few seconds from the window's load event. Please make sure it has an appropriate `as` value and it is preloaded intentionally. @ https://kkeagle.com/#/:0
[10745940ms] [WARNING] The resource https://kkeagle.com/brands/kkgame/startPage-bg.webp was preloaded using link preload but not used within a few seconds from the window's load event. Please make sure it has an appropriate `as` value and it is preloaded intentionally. @ https://kkeagle.com/#/:0
[10806418ms] [WARNING] The resource https://kkeagle.com/brands/kkgame/logo.png was preloaded using link preload but not used within a few seconds from the window's load event. Please make sure it has an appropriate `as` value and it is preloaded intentionally. @ https://kkeagle.com/#/:0
[10806418ms] [WARNING] The resource https://kkeagle.com/brands/kkgame/startPage-bg.webp was preloaded using link preload but not used within a few seconds from the window's load event. Please make sure it has an appropriate `as` value and it is preloaded intentionally. @ https://kkeagle.com/#/:0
[10865662ms] [WARNING] The resource https://kkeagle.com/brands/kkgame/logo.png was preloaded using link preload but not used within a few seconds from the window's load event. Please make sure it has an appropriate `as` value and it is preloaded intentionally. @ https://kkeagle.com/#/:0
[10865662ms] [WARNING] The resource https://kkeagle.com/brands/kkgame/startPage-bg.webp was preloaded using link preload but not used within a few seconds from the window's load event. Please make sure it has an appropriate `as` value and it is preloaded intentionally. @ https://kkeagle.com/#/:0
[10925795ms] [WARNING] The resource https://kkeagle.com/brands/kkgame/logo.png was preloaded using link preload but not used within a few seconds from the window's load event. Please make sure it has an appropriate `as` value and it is preloaded intentionally. @ https://kkeagle.com/#/:0
[10925795ms] [WARNING] The resource https://kkeagle.com/brands/kkgame/startPage-bg.webp was preloaded using link preload but not used within a few seconds from the window's load event. Please make sure it has an appropriate `as` value and it is preloaded intentionally. @ https://kkeagle.com/#/:0
[10985664ms] [WARNING] The resource https://kkeagle.com/brands/kkgame/logo.png was preloaded using link preload but not used within a few seconds from the window's load event. Please make sure it has an appropriate `as` value and it is preloaded intentionally. @ https://kkeagle.com/#/:0
[10985664ms] [WARNING] The resource https://kkeagle.com/brands/kkgame/startPage-bg.webp was preloaded using link preload but not used within a few seconds from the window's load event. Please make sure it has an appropriate `as` value and it is preloaded intentionally. @ https://kkeagle.com/#/:0
[11046132ms] [WARNING] The resource https://kkeagle.com/brands/kkgame/logo.png was preloaded using link preload but not used within a few seconds from the window's load event. Please make sure it has an appropriate `as` value and it is preloaded intentionally. @ https://kkeagle.com/#/:0
[11046132ms] [WARNING] The resource https://kkeagle.com/brands/kkgame/startPage-bg.webp was preloaded using link preload but not used within a few seconds from the window's load event. Please make sure it has an appropriate `as` value and it is preloaded intentionally. @ https://kkeagle.com/#/:0
[11105656ms] [WARNING] The resource https://kkeagle.com/brands/kkgame/logo.png was preloaded using link preload but not used within a few seconds from the window's load event. Please make sure it has an appropriate `as` value and it is preloaded intentionally. @ https://kkeagle.com/#/:0
[11105656ms] [WARNING] The resource https://kkeagle.com/brands/kkgame/startPage-bg.webp was preloaded using link preload but not used within a few seconds from the window's load event. Please make sure it has an appropriate `as` value and it is preloaded intentionally. @ https://kkeagle.com/#/:0
[11165684ms] [WARNING] The resource https://kkeagle.com/brands/kkgame/logo.png was preloaded using link preload but not used within a few seconds from the window's load event. Please make sure it has an appropriate `as` value and it is preloaded intentionally. @ https://kkeagle.com/#/:0
[11165684ms] [WARNING] The resource https://kkeagle.com/brands/kkgame/startPage-bg.webp was preloaded using link preload but not used within a few seconds from the window's load event. Please make sure it has an appropriate `as` value and it is preloaded intentionally. @ https://kkeagle.com/#/:0
[11225744ms] [WARNING] The resource https://kkeagle.com/brands/kkgame/logo.png was preloaded using link preload but not used within a few seconds from the window's load event. Please make sure it has an appropriate `as` value and it is preloaded intentionally. @ https://kkeagle.com/#/:0
[11225744ms] [WARNING] The resource https://kkeagle.com/brands/kkgame/startPage-bg.webp was preloaded using link preload but not used within a few seconds from the window's load event. Please make sure it has an appropriate `as` value and it is preloaded intentionally. @ https://kkeagle.com/#/:0
[11285715ms] [WARNING] The resource https://kkeagle.com/brands/kkgame/logo.png was preloaded using link preload but not used within a few seconds from the window's load event. Please make sure it has an appropriate `as` value and it is preloaded intentionally. @ https://kkeagle.com/#/:0
[11285715ms] [WARNING] The resource https://kkeagle.com/brands/kkgame/startPage-bg.webp was preloaded using link preload but not used within a few seconds from the window's load event. Please make sure it has an appropriate `as` value and it is preloaded intentionally. @ https://kkeagle.com/#/:0
[11345693ms] [WARNING] The resource https://kkeagle.com/brands/kkgame/logo.png was preloaded using link preload but not used within a few seconds from the window's load event. Please make sure it has an appropriate `as` value and it is preloaded intentionally. @ https://kkeagle.com/#/:0
[11345693ms] [WARNING] The resource https://kkeagle.com/brands/kkgame/startPage-bg.webp was preloaded using link preload but not used within a few seconds from the window's load event. Please make sure it has an appropriate `as` value and it is preloaded intentionally. @ https://kkeagle.com/#/:0
[11405642ms] [WARNING] The resource https://kkeagle.com/brands/kkgame/logo.png was preloaded using link preload but not used within a few seconds from the window's load event. Please make sure it has an appropriate `as` value and it is preloaded intentionally. @ https://kkeagle.com/#/:0
[11405642ms] [WARNING] The resource https://kkeagle.com/brands/kkgame/startPage-bg.webp was preloaded using link preload but not used within a few seconds from the window's load event. Please make sure it has an appropriate `as` value and it is preloaded intentionally. @ https://kkeagle.com/#/:0
[11465684ms] [WARNING] The resource https://kkeagle.com/brands/kkgame/logo.png was preloaded using link preload but not used within a few seconds from the window's load event. Please make sure it has an appropriate `as` value and it is preloaded intentionally. @ https://kkeagle.com/#/:0
[11465684ms] [WARNING] The resource https://kkeagle.com/brands/kkgame/startPage-bg.webp was preloaded using link preload but not used within a few seconds from the window's load event. Please make sure it has an appropriate `as` value and it is preloaded intentionally. @ https://kkeagle.com/#/:0
[11525683ms] [WARNING] The resource https://kkeagle.com/brands/kkgame/logo.png was preloaded using link preload but not used within a few seconds from the window's load event. Please make sure it has an appropriate `as` value and it is preloaded intentionally. @ https://kkeagle.com/#/:0
[11525683ms] [WARNING] The resource https://kkeagle.com/brands/kkgame/startPage-bg.webp was preloaded using link preload but not used within a few seconds from the window's load event. Please make sure it has an appropriate `as` value and it is preloaded intentionally. @ https://kkeagle.com/#/:0
[11585640ms] [WARNING] The resource https://kkeagle.com/brands/kkgame/logo.png was preloaded using link preload but not used within a few seconds from the window's load event. Please make sure it has an appropriate `as` value and it is preloaded intentionally. @ https://kkeagle.com/#/:0
[11585641ms] [WARNING] The resource https://kkeagle.com/brands/kkgame/startPage-bg.webp was preloaded using link preload but not used within a few seconds from the window's load event. Please make sure it has an appropriate `as` value and it is preloaded intentionally. @ https://kkeagle.com/#/:0
[11646157ms] [WARNING] The resource https://kkeagle.com/brands/kkgame/logo.png was preloaded using link preload but not used within a few seconds from the window's load event. Please make sure it has an appropriate `as` value and it is preloaded intentionally. @ https://kkeagle.com/#/:0
[11646157ms] [WARNING] The resource https://kkeagle.com/brands/kkgame/startPage-bg.webp was preloaded using link preload but not used within a few seconds from the window's load event. Please make sure it has an appropriate `as` value and it is preloaded intentionally. @ https://kkeagle.com/#/:0
[11706117ms] [WARNING] The resource https://kkeagle.com/brands/kkgame/logo.png was preloaded using link preload but not used within a few seconds from the window's load event. Please make sure it has an appropriate `as` value and it is preloaded intentionally. @ https://kkeagle.com/#/:0
[11706117ms] [WARNING] The resource https://kkeagle.com/brands/kkgame/startPage-bg.webp was preloaded using link preload but not used within a few seconds from the window's load event. Please make sure it has an appropriate `as` value and it is preloaded intentionally. @ https://kkeagle.com/#/:0
[11765644ms] [WARNING] The resource https://kkeagle.com/brands/kkgame/logo.png was preloaded using link preload but not used within a few seconds from the window's load event. Please make sure it has an appropriate `as` value and it is preloaded intentionally. @ https://kkeagle.com/#/:0
[11765644ms] [WARNING] The resource https://kkeagle.com/brands/kkgame/startPage-bg.webp was preloaded using link preload but not used within a few seconds from the window's load event. Please make sure it has an appropriate `as` value and it is preloaded intentionally. @ https://kkeagle.com/#/:0
[11825688ms] [WARNING] The resource https://kkeagle.com/brands/kkgame/logo.png was preloaded using link preload but not used within a few seconds from the window's load event. Please make sure it has an appropriate `as` value and it is preloaded intentionally. @ https://kkeagle.com/#/:0
[11825688ms] [WARNING] The resource https://kkeagle.com/brands/kkgame/startPage-bg.webp was preloaded using link preload but not used within a few seconds from the window's load event. Please make sure it has an appropriate `as` value and it is preloaded intentionally. @ https://kkeagle.com/#/:0
[11885690ms] [WARNING] The resource https://kkeagle.com/brands/kkgame/logo.png was preloaded using link preload but not used within a few seconds from the window's load event. Please make sure it has an appropriate `as` value and it is preloaded intentionally. @ https://kkeagle.com/#/:0
[11885690ms] [WARNING] The resource https://kkeagle.com/brands/kkgame/startPage-bg.webp was preloaded using link preload but not used within a few seconds from the window's load event. Please make sure it has an appropriate `as` value and it is preloaded intentionally. @ https://kkeagle.com/#/:0
[11945661ms] [WARNING] The resource https://kkeagle.com/brands/kkgame/logo.png was preloaded using link preload but not used within a few seconds from the window's load event. Please make sure it has an appropriate `as` value and it is preloaded intentionally. @ https://kkeagle.com/#/:0
[11945661ms] [WARNING] The resource https://kkeagle.com/brands/kkgame/startPage-bg.webp was preloaded using link preload but not used within a few seconds from the window's load event. Please make sure it has an appropriate `as` value and it is preloaded intentionally. @ https://kkeagle.com/#/:0
[12006000ms] [WARNING] The resource https://kkeagle.com/brands/kkgame/logo.png was preloaded using link preload but not used within a few seconds from the window's load event. Please make sure it has an appropriate `as` value and it is preloaded intentionally. @ https://kkeagle.com/#/:0
[12006000ms] [WARNING] The resource https://kkeagle.com/brands/kkgame/startPage-bg.webp was preloaded using link preload but not used within a few seconds from the window's load event. Please make sure it has an appropriate `as` value and it is preloaded intentionally. @ https://kkeagle.com/#/:0
[12065844ms] [WARNING] The resource https://kkeagle.com/brands/kkgame/logo.png was preloaded using link preload but not used within a few seconds from the window's load event. Please make sure it has an appropriate `as` value and it is preloaded intentionally. @ https://kkeagle.com/#/:0
[12065844ms] [WARNING] The resource https://kkeagle.com/brands/kkgame/startPage-bg.webp was preloaded using link preload but not used within a few seconds from the window's load event. Please make sure it has an appropriate `as` value and it is preloaded intentionally. @ https://kkeagle.com/#/:0
[12125681ms] [WARNING] The resource https://kkeagle.com/brands/kkgame/logo.png was preloaded using link preload but not used within a few seconds from the window's load event. Please make sure it has an appropriate `as` value and it is preloaded intentionally. @ https://kkeagle.com/#/:0
[12125681ms] [WARNING] The resource https://kkeagle.com/brands/kkgame/startPage-bg.webp was preloaded using link preload but not used within a few seconds from the window's load event. Please make sure it has an appropriate `as` value and it is preloaded intentionally. @ https://kkeagle.com/#/:0
[12186006ms] [WARNING] The resource https://kkeagle.com/brands/kkgame/logo.png was preloaded using link preload but not used within a few seconds from the window's load event. Please make sure it has an appropriate `as` value and it is preloaded intentionally. @ https://kkeagle.com/#/:0
[12186006ms] [WARNING] The resource https://kkeagle.com/brands/kkgame/startPage-bg.webp was preloaded using link preload but not used within a few seconds from the window's load event. Please make sure it has an appropriate `as` value and it is preloaded intentionally. @ https://kkeagle.com/#/:0
[12247996ms] [WARNING] The resource https://kkeagle.com/brands/kkgame/logo.png was preloaded using link preload but not used within a few seconds from the window's load event. Please make sure it has an appropriate `as` value and it is preloaded intentionally. @ https://kkeagle.com/#/:0
[12247996ms] [WARNING] The resource https://kkeagle.com/brands/kkgame/startPage-bg.webp was preloaded using link preload but not used within a few seconds from the window's load event. Please make sure it has an appropriate `as` value and it is preloaded intentionally. @ https://kkeagle.com/#/:0
[12305692ms] [WARNING] The resource https://kkeagle.com/brands/kkgame/logo.png was preloaded using link preload but not used within a few seconds from the window's load event. Please make sure it has an appropriate `as` value and it is preloaded intentionally. @ https://kkeagle.com/#/:0
[12305693ms] [WARNING] The resource https://kkeagle.com/brands/kkgame/startPage-bg.webp was preloaded using link preload but not used within a few seconds from the window's load event. Please make sure it has an appropriate `as` value and it is preloaded intentionally. @ https://kkeagle.com/#/:0
[12365751ms] [WARNING] The resource https://kkeagle.com/brands/kkgame/logo.png was preloaded using link preload but not used within a few seconds from the window's load event. Please make sure it has an appropriate `as` value and it is preloaded intentionally. @ https://kkeagle.com/#/:0
[12365751ms] [WARNING] The resource https://kkeagle.com/brands/kkgame/startPage-bg.webp was preloaded using link preload but not used within a few seconds from the window's load event. Please make sure it has an appropriate `as` value and it is preloaded intentionally. @ https://kkeagle.com/#/:0
[12425731ms] [WARNING] The resource https://kkeagle.com/brands/kkgame/logo.png was preloaded using link preload but not used within a few seconds from the window's load event. Please make sure it has an appropriate `as` value and it is preloaded intentionally. @ https://kkeagle.com/#/:0
[12425731ms] [WARNING] The resource https://kkeagle.com/brands/kkgame/startPage-bg.webp was preloaded using link preload but not used within a few seconds from the window's load event. Please make sure it has an appropriate `as` value and it is preloaded intentionally. @ https://kkeagle.com/#/:0
[12485709ms] [WARNING] The resource https://kkeagle.com/brands/kkgame/logo.png was preloaded using link preload but not used within a few seconds from the window's load event. Please make sure it has an appropriate `as` value and it is preloaded intentionally. @ https://kkeagle.com/#/:0
[12485709ms] [WARNING] The resource https://kkeagle.com/brands/kkgame/startPage-bg.webp was preloaded using link preload but not used within a few seconds from the window's load event. Please make sure it has an appropriate `as` value and it is preloaded intentionally. @ https://kkeagle.com/#/:0
[12545686ms] [WARNING] The resource https://kkeagle.com/brands/kkgame/logo.png was preloaded using link preload but not used within a few seconds from the window's load event. Please make sure it has an appropriate `as` value and it is preloaded intentionally. @ https://kkeagle.com/#/:0
[12545686ms] [WARNING] The resource https://kkeagle.com/brands/kkgame/startPage-bg.webp was preloaded using link preload but not used within a few seconds from the window's load event. Please make sure it has an appropriate `as` value and it is preloaded intentionally. @ https://kkeagle.com/#/:0
[12605661ms] [WARNING] The resource https://kkeagle.com/brands/kkgame/logo.png was preloaded using link preload but not used within a few seconds from the window's load event. Please make sure it has an appropriate `as` value and it is preloaded intentionally. @ https://kkeagle.com/#/:0
[12605662ms] [WARNING] The resource https://kkeagle.com/brands/kkgame/startPage-bg.webp was preloaded using link preload but not used within a few seconds from the window's load event. Please make sure it has an appropriate `as` value and it is preloaded intentionally. @ https://kkeagle.com/#/:0
[12666126ms] [WARNING] The resource https://kkeagle.com/brands/kkgame/logo.png was preloaded using link preload but not used within a few seconds from the window's load event. Please make sure it has an appropriate `as` value and it is preloaded intentionally. @ https://kkeagle.com/#/:0
[12666126ms] [WARNING] The resource https://kkeagle.com/brands/kkgame/startPage-bg.webp was preloaded using link preload but not used within a few seconds from the window's load event. Please make sure it has an appropriate `as` value and it is preloaded intentionally. @ https://kkeagle.com/#/:0
[12727832ms] [WARNING] The resource https://kkeagle.com/brands/kkgame/logo.png was preloaded using link preload but not used within a few seconds from the window's load event. Please make sure it has an appropriate `as` value and it is preloaded intentionally. @ https://kkeagle.com/#/:0
[12727832ms] [WARNING] The resource https://kkeagle.com/brands/kkgame/startPage-bg.webp was preloaded using link preload but not used within a few seconds from the window's load event. Please make sure it has an appropriate `as` value and it is preloaded intentionally. @ https://kkeagle.com/#/:0
[12785647ms] [WARNING] The resource https://kkeagle.com/brands/kkgame/logo.png was preloaded using link preload but not used within a few seconds from the window's load event. Please make sure it has an appropriate `as` value and it is preloaded intentionally. @ https://kkeagle.com/#/:0
[12785647ms] [WARNING] The resource https://kkeagle.com/brands/kkgame/startPage-bg.webp was preloaded using link preload but not used within a few seconds from the window's load event. Please make sure it has an appropriate `as` value and it is preloaded intentionally. @ https://kkeagle.com/#/:0
[12846289ms] [WARNING] The resource https://kkeagle.com/brands/kkgame/logo.png was preloaded using link preload but not used within a few seconds from the window's load event. Please make sure it has an appropriate `as` value and it is preloaded intentionally. @ https://kkeagle.com/#/:0
[12846289ms] [WARNING] The resource https://kkeagle.com/brands/kkgame/startPage-bg.webp was preloaded using link preload but not used within a few seconds from the window's load event. Please make sure it has an appropriate `as` value and it is preloaded intentionally. @ https://kkeagle.com/#/:0
[12905819ms] [WARNING] The resource https://kkeagle.com/brands/kkgame/logo.png was preloaded using link preload but not used within a few seconds from the window's load event. Please make sure it has an appropriate `as` value and it is preloaded intentionally. @ https://kkeagle.com/#/:0
[12905819ms] [WARNING] The resource https://kkeagle.com/brands/kkgame/startPage-bg.webp was preloaded using link preload but not used within a few seconds from the window's load event. Please make sure it has an appropriate `as` value and it is preloaded intentionally. @ https://kkeagle.com/#/:0
[12966563ms] [WARNING] The resource https://kkeagle.com/brands/kkgame/logo.png was preloaded using link preload but not used within a few seconds from the window's load event. Please make sure it has an appropriate `as` value and it is preloaded intentionally. @ https://kkeagle.com/#/:0
[12966563ms] [WARNING] The resource https://kkeagle.com/brands/kkgame/startPage-bg.webp was preloaded using link preload but not used within a few seconds from the window's load event. Please make sure it has an appropriate `as` value and it is preloaded intentionally. @ https://kkeagle.com/#/:0
[13025733ms] [WARNING] The resource https://kkeagle.com/brands/kkgame/logo.png was preloaded using link preload but not used within a few seconds from the window's load event. Please make sure it has an appropriate `as` value and it is preloaded intentionally. @ https://kkeagle.com/#/:0
[13025733ms] [WARNING] The resource https://kkeagle.com/brands/kkgame/startPage-bg.webp was preloaded using link preload but not used within a few seconds from the window's load event. Please make sure it has an appropriate `as` value and it is preloaded intentionally. @ https://kkeagle.com/#/:0
[13085718ms] [WARNING] The resource https://kkeagle.com/brands/kkgame/logo.png was preloaded using link preload but not used within a few seconds from the window's load event. Please make sure it has an appropriate `as` value and it is preloaded intentionally. @ https://kkeagle.com/#/:0
[13085718ms] [WARNING] The resource https://kkeagle.com/brands/kkgame/startPage-bg.webp was preloaded using link preload but not used within a few seconds from the window's load event. Please make sure it has an appropriate `as` value and it is preloaded intentionally. @ https://kkeagle.com/#/:0
[13145846ms] [WARNING] The resource https://kkeagle.com/brands/kkgame/logo.png was preloaded using link preload but not used within a few seconds from the window's load event. Please make sure it has an appropriate `as` value and it is preloaded intentionally. @ https://kkeagle.com/#/:0
[13145846ms] [WARNING] The resource https://kkeagle.com/brands/kkgame/startPage-bg.webp was preloaded using link preload but not used within a few seconds from the window's load event. Please make sure it has an appropriate `as` value and it is preloaded intentionally. @ https://kkeagle.com/#/:0
[13205707ms] [WARNING] The resource https://kkeagle.com/brands/kkgame/logo.png was preloaded using link preload but not used within a few seconds from the window's load event. Please make sure it has an appropriate `as` value and it is preloaded intentionally. @ https://kkeagle.com/#/:0
[13205707ms] [WARNING] The resource https://kkeagle.com/brands/kkgame/startPage-bg.webp was preloaded using link preload but not used within a few seconds from the window's load event. Please make sure it has an appropriate `as` value and it is preloaded intentionally. @ https://kkeagle.com/#/:0
[13266180ms] [WARNING] The resource https://kkeagle.com/brands/kkgame/logo.png was preloaded using link preload but not used within a few seconds from the window's load event. Please make sure it has an appropriate `as` value and it is preloaded intentionally. @ https://kkeagle.com/#/:0
[13266181ms] [WARNING] The resource https://kkeagle.com/brands/kkgame/startPage-bg.webp was preloaded using link preload but not used within a few seconds from the window's load event. Please make sure it has an appropriate `as` value and it is preloaded intentionally. @ https://kkeagle.com/#/:0
[13326016ms] [WARNING] The resource https://kkeagle.com/brands/kkgame/logo.png was preloaded using link preload but not used within a few seconds from the window's load event. Please make sure it has an appropriate `as` value and it is preloaded intentionally. @ https://kkeagle.com/#/:0
[13326016ms] [WARNING] The resource https://kkeagle.com/brands/kkgame/startPage-bg.webp was preloaded using link preload but not used within a few seconds from the window's load event. Please make sure it has an appropriate `as` value and it is preloaded intentionally. @ https://kkeagle.com/#/:0
[13385958ms] [WARNING] The resource https://kkeagle.com/brands/kkgame/logo.png was preloaded using link preload but not used within a few seconds from the window's load event. Please make sure it has an appropriate `as` value and it is preloaded intentionally. @ https://kkeagle.com/#/:0
[13385958ms] [WARNING] The resource https://kkeagle.com/brands/kkgame/startPage-bg.webp was preloaded using link preload but not used within a few seconds from the window's load event. Please make sure it has an appropriate `as` value and it is preloaded intentionally. @ https://kkeagle.com/#/:0
[13445796ms] [WARNING] The resource https://kkeagle.com/brands/kkgame/logo.png was preloaded using link preload but not used within a few seconds from the window's load event. Please make sure it has an appropriate `as` value and it is preloaded intentionally. @ https://kkeagle.com/#/:0
[13445796ms] [WARNING] The resource https://kkeagle.com/brands/kkgame/startPage-bg.webp was preloaded using link preload but not used within a few seconds from the window's load event. Please make sure it has an appropriate `as` value and it is preloaded intentionally. @ https://kkeagle.com/#/:0
[13505763ms] [WARNING] The resource https://kkeagle.com/brands/kkgame/logo.png was preloaded using link preload but not used within a few seconds from the window's load event. Please make sure it has an appropriate `as` value and it is preloaded intentionally. @ https://kkeagle.com/#/:0
[13505763ms] [WARNING] The resource https://kkeagle.com/brands/kkgame/startPage-bg.webp was preloaded using link preload but not used within a few seconds from the window's load event. Please make sure it has an appropriate `as` value and it is preloaded intentionally. @ https://kkeagle.com/#/:0
[13566086ms] [WARNING] The resource https://kkeagle.com/brands/kkgame/logo.png was preloaded using link preload but not used within a few seconds from the window's load event. Please make sure it has an appropriate `as` value and it is preloaded intentionally. @ https://kkeagle.com/#/:0
[13566086ms] [WARNING] The resource https://kkeagle.com/brands/kkgame/startPage-bg.webp was preloaded using link preload but not used within a few seconds from the window's load event. Please make sure it has an appropriate `as` value and it is preloaded intentionally. @ https://kkeagle.com/#/:0
[13626013ms] [WARNING] The resource https://kkeagle.com/brands/kkgame/logo.png was preloaded using link preload but not used within a few seconds from the window's load event. Please make sure it has an appropriate `as` value and it is preloaded intentionally. @ https://kkeagle.com/#/:0
[13626013ms] [WARNING] The resource https://kkeagle.com/brands/kkgame/startPage-bg.webp was preloaded using link preload but not used within a few seconds from the window's load event. Please make sure it has an appropriate `as` value and it is preloaded intentionally. @ https://kkeagle.com/#/:0
[13685746ms] [WARNING] The resource https://kkeagle.com/brands/kkgame/logo.png was preloaded using link preload but not used within a few seconds from the window's load event. Please make sure it has an appropriate `as` value and it is preloaded intentionally. @ https://kkeagle.com/#/:0
[13685747ms] [WARNING] The resource https://kkeagle.com/brands/kkgame/startPage-bg.webp was preloaded using link preload but not used within a few seconds from the window's load event. Please make sure it has an appropriate `as` value and it is preloaded intentionally. @ https://kkeagle.com/#/:0
[13745867ms] [WARNING] The resource https://kkeagle.com/brands/kkgame/logo.png was preloaded using link preload but not used within a few seconds from the window's load event. Please make sure it has an appropriate `as` value and it is preloaded intentionally. @ https://kkeagle.com/#/:0
[13745868ms] [WARNING] The resource https://kkeagle.com/brands/kkgame/startPage-bg.webp was preloaded using link preload but not used within a few seconds from the window's load event. Please make sure it has an appropriate `as` value and it is preloaded intentionally. @ https://kkeagle.com/#/:0
[13805681ms] [WARNING] The resource https://kkeagle.com/brands/kkgame/logo.png was preloaded using link preload but not used within a few seconds from the window's load event. Please make sure it has an appropriate `as` value and it is preloaded intentionally. @ https://kkeagle.com/#/:0
[13805681ms] [WARNING] The resource https://kkeagle.com/brands/kkgame/startPage-bg.webp was preloaded using link preload but not used within a few seconds from the window's load event. Please make sure it has an appropriate `as` value and it is preloaded intentionally. @ https://kkeagle.com/#/:0
[13865743ms] [WARNING] The resource https://kkeagle.com/brands/kkgame/logo.png was preloaded using link preload but not used within a few seconds from the window's load event. Please make sure it has an appropriate `as` value and it is preloaded intentionally. @ https://kkeagle.com/#/:0
[13865743ms] [WARNING] The resource https://kkeagle.com/brands/kkgame/startPage-bg.webp was preloaded using link preload but not used within a few seconds from the window's load event. Please make sure it has an appropriate `as` value and it is preloaded intentionally. @ https://kkeagle.com/#/:0
[13925706ms] [WARNING] The resource https://kkeagle.com/brands/kkgame/logo.png was preloaded using link preload but not used within a few seconds from the window's load event. Please make sure it has an appropriate `as` value and it is preloaded intentionally. @ https://kkeagle.com/#/:0
[13925707ms] [WARNING] The resource https://kkeagle.com/brands/kkgame/startPage-bg.webp was preloaded using link preload but not used within a few seconds from the window's load event. Please make sure it has an appropriate `as` value and it is preloaded intentionally. @ https://kkeagle.com/#/:0
[13986516ms] [WARNING] The resource https://kkeagle.com/brands/kkgame/logo.png was preloaded using link preload but not used within a few seconds from the window's load event. Please make sure it has an appropriate `as` value and it is preloaded intentionally. @ https://kkeagle.com/#/:0
[13986516ms] [WARNING] The resource https://kkeagle.com/brands/kkgame/startPage-bg.webp was preloaded using link preload but not used within a few seconds from the window's load event. Please make sure it has an appropriate `as` value and it is preloaded intentionally. @ https://kkeagle.com/#/:0
[14048260ms] [WARNING] The resource https://kkeagle.com/brands/kkgame/logo.png was preloaded using link preload but not used within a few seconds from the window's load event. Please make sure it has an appropriate `as` value and it is preloaded intentionally. @ https://kkeagle.com/#/:0
[14048261ms] [WARNING] The resource https://kkeagle.com/brands/kkgame/startPage-bg.webp was preloaded using link preload but not used within a few seconds from the window's load event. Please make sure it has an appropriate `as` value and it is preloaded intentionally. @ https://kkeagle.com/#/:0
[14107322ms] [WARNING] The resource https://kkeagle.com/brands/kkgame/logo.png was preloaded using link preload but not used within a few seconds from the window's load event. Please make sure it has an appropriate `as` value and it is preloaded intentionally. @ https://kkeagle.com/#/:0
[14107322ms] [WARNING] The resource https://kkeagle.com/brands/kkgame/startPage-bg.webp was preloaded using link preload but not used within a few seconds from the window's load event. Please make sure it has an appropriate `as` value and it is preloaded intentionally. @ https://kkeagle.com/#/:0
[14166062ms] [WARNING] The resource https://kkeagle.com/brands/kkgame/logo.png was preloaded using link preload but not used within a few seconds from the window's load event. Please make sure it has an appropriate `as` value and it is preloaded intentionally. @ https://kkeagle.com/#/:0
[14166062ms] [WARNING] The resource https://kkeagle.com/brands/kkgame/startPage-bg.webp was preloaded using link preload but not used within a few seconds from the window's load event. Please make sure it has an appropriate `as` value and it is preloaded intentionally. @ https://kkeagle.com/#/:0
[14225864ms] [WARNING] The resource https://kkeagle.com/brands/kkgame/logo.png was preloaded using link preload but not used within a few seconds from the window's load event. Please make sure it has an appropriate `as` value and it is preloaded intentionally. @ https://kkeagle.com/#/:0
[14225866ms] [WARNING] The resource https://kkeagle.com/brands/kkgame/startPage-bg.webp was preloaded using link preload but not used within a few seconds from the window's load event. Please make sure it has an appropriate `as` value and it is preloaded intentionally. @ https://kkeagle.com/#/:0
[14285750ms] [WARNING] The resource https://kkeagle.com/brands/kkgame/logo.png was preloaded using link preload but not used within a few seconds from the window's load event. Please make sure it has an appropriate `as` value and it is preloaded intentionally. @ https://kkeagle.com/#/:0
[14285751ms] [WARNING] The resource https://kkeagle.com/brands/kkgame/startPage-bg.webp was preloaded using link preload but not used within a few seconds from the window's load event. Please make sure it has an appropriate `as` value and it is preloaded intentionally. @ https://kkeagle.com/#/:0
[14345841ms] [WARNING] The resource https://kkeagle.com/brands/kkgame/logo.png was preloaded using link preload but not used within a few seconds from the window's load event. Please make sure it has an appropriate `as` value and it is preloaded intentionally. @ https://kkeagle.com/#/:0
[14345842ms] [WARNING] The resource https://kkeagle.com/brands/kkgame/startPage-bg.webp was preloaded using link preload but not used within a few seconds from the window's load event. Please make sure it has an appropriate `as` value and it is preloaded intentionally. @ https://kkeagle.com/#/:0
[14412597ms] [WARNING] The resource https://kkeagle.com/brands/kkgame/logo.png was preloaded using link preload but not used within a few seconds from the window's load event. Please make sure it has an appropriate `as` value and it is preloaded intentionally. @ https://kkeagle.com/#/:0
[14412597ms] [WARNING] The resource https://kkeagle.com/brands/kkgame/startPage-bg.webp was preloaded using link preload but not used within a few seconds from the window's load event. Please make sure it has an appropriate `as` value and it is preloaded intentionally. @ https://kkeagle.com/#/:0
[14465718ms] [WARNING] The resource https://kkeagle.com/brands/kkgame/logo.png was preloaded using link preload but not used within a few seconds from the window's load event. Please make sure it has an appropriate `as` value and it is preloaded intentionally. @ https://kkeagle.com/#/:0
[14465718ms] [WARNING] The resource https://kkeagle.com/brands/kkgame/startPage-bg.webp was preloaded using link preload but not used within a few seconds from the window's load event. Please make sure it has an appropriate `as` value and it is preloaded intentionally. @ https://kkeagle.com/#/:0
[14526049ms] [WARNING] The resource https://kkeagle.com/brands/kkgame/logo.png was preloaded using link preload but not used within a few seconds from the window's load event. Please make sure it has an appropriate `as` value and it is preloaded intentionally. @ https://kkeagle.com/#/:0
[14526049ms] [WARNING] The resource https://kkeagle.com/brands/kkgame/startPage-bg.webp was preloaded using link preload but not used within a few seconds from the window's load event. Please make sure it has an appropriate `as` value and it is preloaded intentionally. @ https://kkeagle.com/#/:0
[14585794ms] [WARNING] The resource https://kkeagle.com/brands/kkgame/logo.png was preloaded using link preload but not used within a few seconds from the window's load event. Please make sure it has an appropriate `as` value and it is preloaded intentionally. @ https://kkeagle.com/#/:0
[14585794ms] [WARNING] The resource https://kkeagle.com/brands/kkgame/startPage-bg.webp was preloaded using link preload but not used within a few seconds from the window's load event. Please make sure it has an appropriate `as` value and it is preloaded intentionally. @ https://kkeagle.com/#/:0
[14645756ms] [WARNING] The resource https://kkeagle.com/brands/kkgame/logo.png was preloaded using link preload but not used within a few seconds from the window's load event. Please make sure it has an appropriate `as` value and it is preloaded intentionally. @ https://kkeagle.com/#/:0
[14645757ms] [WARNING] The resource https://kkeagle.com/brands/kkgame/startPage-bg.webp was preloaded using link preload but not used within a few seconds from the window's load event. Please make sure it has an appropriate `as` value and it is preloaded intentionally. @ https://kkeagle.com/#/:0
[14705749ms] [WARNING] The resource https://kkeagle.com/brands/kkgame/logo.png was preloaded using link preload but not used within a few seconds from the window's load event. Please make sure it has an appropriate `as` value and it is preloaded intentionally. @ https://kkeagle.com/#/:0
[14705749ms] [WARNING] The resource https://kkeagle.com/brands/kkgame/startPage-bg.webp was preloaded using link preload but not used within a few seconds from the window's load event. Please make sure it has an appropriate `as` value and it is preloaded intentionally. @ https://kkeagle.com/#/:0
[14765988ms] [WARNING] The resource https://kkeagle.com/brands/kkgame/logo.png was preloaded using link preload but not used within a few seconds from the window's load event. Please make sure it has an appropriate `as` value and it is preloaded intentionally. @ https://kkeagle.com/#/:0
[14765988ms] [WARNING] The resource https://kkeagle.com/brands/kkgame/startPage-bg.webp was preloaded using link preload but not used within a few seconds from the window's load event. Please make sure it has an appropriate `as` value and it is preloaded intentionally. @ https://kkeagle.com/#/:0
[14826255ms] [WARNING] The resource https://kkeagle.com/brands/kkgame/logo.png was preloaded using link preload but not used within a few seconds from the window's load event. Please make sure it has an appropriate `as` value and it is preloaded intentionally. @ https://kkeagle.com/#/:0
[14826255ms] [WARNING] The resource https://kkeagle.com/brands/kkgame/startPage-bg.webp was preloaded using link preload but not used within a few seconds from the window's load event. Please make sure it has an appropriate `as` value and it is preloaded intentionally. @ https://kkeagle.com/#/:0
[14885715ms] [WARNING] The resource https://kkeagle.com/brands/kkgame/logo.png was preloaded using link preload but not used within a few seconds from the window's load event. Please make sure it has an appropriate `as` value and it is preloaded intentionally. @ https://kkeagle.com/#/:0
[14885715ms] [WARNING] The resource https://kkeagle.com/brands/kkgame/startPage-bg.webp was preloaded using link preload but not used within a few seconds from the window's load event. Please make sure it has an appropriate `as` value and it is preloaded intentionally. @ https://kkeagle.com/#/:0
[14945785ms] [WARNING] The resource https://kkeagle.com/brands/kkgame/logo.png was preloaded using link preload but not used within a few seconds from the window's load event. Please make sure it has an appropriate `as` value and it is preloaded intentionally. @ https://kkeagle.com/#/:0
[14945785ms] [WARNING] The resource https://kkeagle.com/brands/kkgame/startPage-bg.webp was preloaded using link preload but not used within a few seconds from the window's load event. Please make sure it has an appropriate `as` value and it is preloaded intentionally. @ https://kkeagle.com/#/:0
[15007036ms] [WARNING] The resource https://kkeagle.com/brands/kkgame/logo.png was preloaded using link preload but not used within a few seconds from the window's load event. Please make sure it has an appropriate `as` value and it is preloaded intentionally. @ https://kkeagle.com/#/:0
[15007037ms] [WARNING] The resource https://kkeagle.com/brands/kkgame/startPage-bg.webp was preloaded using link preload but not used within a few seconds from the window's load event. Please make sure it has an appropriate `as` value and it is preloaded intentionally. @ https://kkeagle.com/#/:0
[15065999ms] [WARNING] The resource https://kkeagle.com/brands/kkgame/logo.png was preloaded using link preload but not used within a few seconds from the window's load event. Please make sure it has an appropriate `as` value and it is preloaded intentionally. @ https://kkeagle.com/#/:0
[15066000ms] [WARNING] The resource https://kkeagle.com/brands/kkgame/startPage-bg.webp was preloaded using link preload but not used within a few seconds from the window's load event. Please make sure it has an appropriate `as` value and it is preloaded intentionally. @ https://kkeagle.com/#/:0
[15125809ms] [WARNING] The resource https://kkeagle.com/brands/kkgame/logo.png was preloaded using link preload but not used within a few seconds from the window's load event. Please make sure it has an appropriate `as` value and it is preloaded intentionally. @ https://kkeagle.com/#/:0
[15125809ms] [WARNING] The resource https://kkeagle.com/brands/kkgame/startPage-bg.webp was preloaded using link preload but not used within a few seconds from the window's load event. Please make sure it has an appropriate `as` value and it is preloaded intentionally. @ https://kkeagle.com/#/:0
[15186386ms] [WARNING] The resource https://kkeagle.com/brands/kkgame/logo.png was preloaded using link preload but not used within a few seconds from the window's load event. Please make sure it has an appropriate `as` value and it is preloaded intentionally. @ https://kkeagle.com/#/:0
[15186387ms] [WARNING] The resource https://kkeagle.com/brands/kkgame/startPage-bg.webp was preloaded using link preload but not used within a few seconds from the window's load event. Please make sure it has an appropriate `as` value and it is preloaded intentionally. @ https://kkeagle.com/#/:0
[15249597ms] [WARNING] The resource https://kkeagle.com/brands/kkgame/logo.png was preloaded using link preload but not used within a few seconds from the window's load event. Please make sure it has an appropriate `as` value and it is preloaded intentionally. @ https://kkeagle.com/#/:0
[15249597ms] [WARNING] The resource https://kkeagle.com/brands/kkgame/startPage-bg.webp was preloaded using link preload but not used within a few seconds from the window's load event. Please make sure it has an appropriate `as` value and it is preloaded intentionally. @ https://kkeagle.com/#/:0
[15307432ms] [WARNING] The resource https://kkeagle.com/brands/kkgame/logo.png was preloaded using link preload but not used within a few seconds from the window's load event. Please make sure it has an appropriate `as` value and it is preloaded intentionally. @ https://kkeagle.com/#/:0
[15307432ms] [WARNING] The resource https://kkeagle.com/brands/kkgame/startPage-bg.webp was preloaded using link preload but not used within a few seconds from the window's load event. Please make sure it has an appropriate `as` value and it is preloaded intentionally. @ https://kkeagle.com/#/:0
[15365921ms] [WARNING] The resource https://kkeagle.com/brands/kkgame/logo.png was preloaded using link preload but not used within a few seconds from the window's load event. Please make sure it has an appropriate `as` value and it is preloaded intentionally. @ https://kkeagle.com/#/:0
[15365921ms] [WARNING] The resource https://kkeagle.com/brands/kkgame/startPage-bg.webp was preloaded using link preload but not used within a few seconds from the window's load event. Please make sure it has an appropriate `as` value and it is preloaded intentionally. @ https://kkeagle.com/#/:0
[15425804ms] [WARNING] The resource https://kkeagle.com/brands/kkgame/logo.png was preloaded using link preload but not used within a few seconds from the window's load event. Please make sure it has an appropriate `as` value and it is preloaded intentionally. @ https://kkeagle.com/#/:0
[15425804ms] [WARNING] The resource https://kkeagle.com/brands/kkgame/startPage-bg.webp was preloaded using link preload but not used within a few seconds from the window's load event. Please make sure it has an appropriate `as` value and it is preloaded intentionally. @ https://kkeagle.com/#/:0
[15486005ms] [WARNING] The resource https://kkeagle.com/brands/kkgame/logo.png was preloaded using link preload but not used within a few seconds from the window's load event. Please make sure it has an appropriate `as` value and it is preloaded intentionally. @ https://kkeagle.com/#/:0
[15486005ms] [WARNING] The resource https://kkeagle.com/brands/kkgame/startPage-bg.webp was preloaded using link preload but not used within a few seconds from the window's load event. Please make sure it has an appropriate `as` value and it is preloaded intentionally. @ https://kkeagle.com/#/:0
[15547285ms] [WARNING] The resource https://kkeagle.com/brands/kkgame/logo.png was preloaded using link preload but not used within a few seconds from the window's load event. Please make sure it has an appropriate `as` value and it is preloaded intentionally. @ https://kkeagle.com/#/:0
[15547285ms] [WARNING] The resource https://kkeagle.com/brands/kkgame/startPage-bg.webp was preloaded using link preload but not used within a few seconds from the window's load event. Please make sure it has an appropriate `as` value and it is preloaded intentionally. @ https://kkeagle.com/#/:0
[15606873ms] [WARNING] The resource https://kkeagle.com/brands/kkgame/logo.png was preloaded using link preload but not used within a few seconds from the window's load event. Please make sure it has an appropriate `as` value and it is preloaded intentionally. @ https://kkeagle.com/#/:0
[15606874ms] [WARNING] The resource https://kkeagle.com/brands/kkgame/startPage-bg.webp was preloaded using link preload but not used within a few seconds from the window's load event. Please make sure it has an appropriate `as` value and it is preloaded intentionally. @ https://kkeagle.com/#/:0
[15665822ms] [WARNING] The resource https://kkeagle.com/brands/kkgame/logo.png was preloaded using link preload but not used within a few seconds from the window's load event. Please make sure it has an appropriate `as` value and it is preloaded intentionally. @ https://kkeagle.com/#/:0
[15665822ms] [WARNING] The resource https://kkeagle.com/brands/kkgame/startPage-bg.webp was preloaded using link preload but not used within a few seconds from the window's load event. Please make sure it has an appropriate `as` value and it is preloaded intentionally. @ https://kkeagle.com/#/:0
[15725694ms] [WARNING] The resource https://kkeagle.com/brands/kkgame/logo.png was preloaded using link preload but not used within a few seconds from the window's load event. Please make sure it has an appropriate `as` value and it is preloaded intentionally. @ https://kkeagle.com/#/:0
[15725694ms] [WARNING] The resource https://kkeagle.com/brands/kkgame/startPage-bg.webp was preloaded using link preload but not used within a few seconds from the window's load event. Please make sure it has an appropriate `as` value and it is preloaded intentionally. @ https://kkeagle.com/#/:0
[15785783ms] [WARNING] The resource https://kkeagle.com/brands/kkgame/logo.png was preloaded using link preload but not used within a few seconds from the window's load event. Please make sure it has an appropriate `as` value and it is preloaded intentionally. @ https://kkeagle.com/#/:0
[15785783ms] [WARNING] The resource https://kkeagle.com/brands/kkgame/startPage-bg.webp was preloaded using link preload but not used within a few seconds from the window's load event. Please make sure it has an appropriate `as` value and it is preloaded intentionally. @ https://kkeagle.com/#/:0
[15845815ms] [WARNING] The resource https://kkeagle.com/brands/kkgame/logo.png was preloaded using link preload but not used within a few seconds from the window's load event. Please make sure it has an appropriate `as` value and it is preloaded intentionally. @ https://kkeagle.com/#/:0
[15845815ms] [WARNING] The resource https://kkeagle.com/brands/kkgame/startPage-bg.webp was preloaded using link preload but not used within a few seconds from the window's load event. Please make sure it has an appropriate `as` value and it is preloaded intentionally. @ https://kkeagle.com/#/:0
[15905769ms] [WARNING] The resource https://kkeagle.com/brands/kkgame/logo.png was preloaded using link preload but not used within a few seconds from the window's load event. Please make sure it has an appropriate `as` value and it is preloaded intentionally. @ https://kkeagle.com/#/:0
[15905769ms] [WARNING] The resource https://kkeagle.com/brands/kkgame/startPage-bg.webp was preloaded using link preload but not used within a few seconds from the window's load event. Please make sure it has an appropriate `as` value and it is preloaded intentionally. @ https://kkeagle.com/#/:0
[15966132ms] [WARNING] The resource https://kkeagle.com/brands/kkgame/logo.png was preloaded using link preload but not used within a few seconds from the window's load event. Please make sure it has an appropriate `as` value and it is preloaded intentionally. @ https://kkeagle.com/#/:0
[15966132ms] [WARNING] The resource https://kkeagle.com/brands/kkgame/startPage-bg.webp was preloaded using link preload but not used within a few seconds from the window's load event. Please make sure it has an appropriate `as` value and it is preloaded intentionally. @ https://kkeagle.com/#/:0
[16026449ms] [WARNING] The resource https://kkeagle.com/brands/kkgame/logo.png was preloaded using link preload but not used within a few seconds from the window's load event. Please make sure it has an appropriate `as` value and it is preloaded intentionally. @ https://kkeagle.com/#/:0
[16026449ms] [WARNING] The resource https://kkeagle.com/brands/kkgame/startPage-bg.webp was preloaded using link preload but not used within a few seconds from the window's load event. Please make sure it has an appropriate `as` value and it is preloaded intentionally. @ https://kkeagle.com/#/:0
[16086052ms] [WARNING] The resource https://kkeagle.com/brands/kkgame/logo.png was preloaded using link preload but not used within a few seconds from the window's load event. Please make sure it has an appropriate `as` value and it is preloaded intentionally. @ https://kkeagle.com/#/:0
[16086053ms] [WARNING] The resource https://kkeagle.com/brands/kkgame/startPage-bg.webp was preloaded using link preload but not used within a few seconds from the window's load event. Please make sure it has an appropriate `as` value and it is preloaded intentionally. @ https://kkeagle.com/#/:0
[16147435ms] [WARNING] The resource https://kkeagle.com/brands/kkgame/logo.png was preloaded using link preload but not used within a few seconds from the window's load event. Please make sure it has an appropriate `as` value and it is preloaded intentionally. @ https://kkeagle.com/#/:0
[16147436ms] [WARNING] The resource https://kkeagle.com/brands/kkgame/startPage-bg.webp was preloaded using link preload but not used within a few seconds from the window's load event. Please make sure it has an appropriate `as` value and it is preloaded intentionally. @ https://kkeagle.com/#/:0
[16205825ms] [WARNING] The resource https://kkeagle.com/brands/kkgame/logo.png was preloaded using link preload but not used within a few seconds from the window's load event. Please make sure it has an appropriate `as` value and it is preloaded intentionally. @ https://kkeagle.com/#/:0
[16205825ms] [WARNING] The resource https://kkeagle.com/brands/kkgame/startPage-bg.webp was preloaded using link preload but not used within a few seconds from the window's load event. Please make sure it has an appropriate `as` value and it is preloaded intentionally. @ https://kkeagle.com/#/:0
[16266518ms] [WARNING] The resource https://kkeagle.com/brands/kkgame/logo.png was preloaded using link preload but not used within a few seconds from the window's load event. Please make sure it has an appropriate `as` value and it is preloaded intentionally. @ https://kkeagle.com/#/:0
[16266518ms] [WARNING] The resource https://kkeagle.com/brands/kkgame/startPage-bg.webp was preloaded using link preload but not used within a few seconds from the window's load event. Please make sure it has an appropriate `as` value and it is preloaded intentionally. @ https://kkeagle.com/#/:0
[16325763ms] [WARNING] The resource https://kkeagle.com/brands/kkgame/logo.png was preloaded using link preload but not used within a few seconds from the window's load event. Please make sure it has an appropriate `as` value and it is preloaded intentionally. @ https://kkeagle.com/#/:0
[16325763ms] [WARNING] The resource https://kkeagle.com/brands/kkgame/startPage-bg.webp was preloaded using link preload but not used within a few seconds from the window's load event. Please make sure it has an appropriate `as` value and it is preloaded intentionally. @ https://kkeagle.com/#/:0
[16385957ms] [WARNING] The resource https://kkeagle.com/brands/kkgame/logo.png was preloaded using link preload but not used within a few seconds from the window's load event. Please make sure it has an appropriate `as` value and it is preloaded intentionally. @ https://kkeagle.com/#/:0
[16385957ms] [WARNING] The resource https://kkeagle.com/brands/kkgame/startPage-bg.webp was preloaded using link preload but not used within a few seconds from the window's load event. Please make sure it has an appropriate `as` value and it is preloaded intentionally. @ https://kkeagle.com/#/:0
[16445904ms] [WARNING] The resource https://kkeagle.com/brands/kkgame/logo.png was preloaded using link preload but not used within a few seconds from the window's load event. Please make sure it has an appropriate `as` value and it is preloaded intentionally. @ https://kkeagle.com/#/:0
[16445904ms] [WARNING] The resource https://kkeagle.com/brands/kkgame/startPage-bg.webp was preloaded using link preload but not used within a few seconds from the window's load event. Please make sure it has an appropriate `as` value and it is preloaded intentionally. @ https://kkeagle.com/#/:0
[16506238ms] [WARNING] The resource https://kkeagle.com/brands/kkgame/logo.png was preloaded using link preload but not used within a few seconds from the window's load event. Please make sure it has an appropriate `as` value and it is preloaded intentionally. @ https://kkeagle.com/#/:0
[16506238ms] [WARNING] The resource https://kkeagle.com/brands/kkgame/startPage-bg.webp was preloaded using link preload but not used within a few seconds from the window's load event. Please make sure it has an appropriate `as` value and it is preloaded intentionally. @ https://kkeagle.com/#/:0
[16566554ms] [WARNING] The resource https://kkeagle.com/brands/kkgame/logo.png was preloaded using link preload but not used within a few seconds from the window's load event. Please make sure it has an appropriate `as` value and it is preloaded intentionally. @ https://kkeagle.com/#/:0
[16566555ms] [WARNING] The resource https://kkeagle.com/brands/kkgame/startPage-bg.webp was preloaded using link preload but not used within a few seconds from the window's load event. Please make sure it has an appropriate `as` value and it is preloaded intentionally. @ https://kkeagle.com/#/:0
[16626638ms] [WARNING] The resource https://kkeagle.com/brands/kkgame/logo.png was preloaded using link preload but not used within a few seconds from the window's load event. Please make sure it has an appropriate `as` value and it is preloaded intentionally. @ https://kkeagle.com/#/:0
[16626639ms] [WARNING] The resource https://kkeagle.com/brands/kkgame/startPage-bg.webp was preloaded using link preload but not used within a few seconds from the window's load event. Please make sure it has an appropriate `as` value and it is preloaded intentionally. @ https://kkeagle.com/#/:0
[16685913ms] [WARNING] The resource https://kkeagle.com/brands/kkgame/logo.png was preloaded using link preload but not used within a few seconds from the window's load event. Please make sure it has an appropriate `as` value and it is preloaded intentionally. @ https://kkeagle.com/#/:0
[16685913ms] [WARNING] The resource https://kkeagle.com/brands/kkgame/startPage-bg.webp was preloaded using link preload but not used within a few seconds from the window's load event. Please make sure it has an appropriate `as` value and it is preloaded intentionally. @ https://kkeagle.com/#/:0
[16749604ms] [WARNING] The resource https://kkeagle.com/brands/kkgame/logo.png was preloaded using link preload but not used within a few seconds from the window's load event. Please make sure it has an appropriate `as` value and it is preloaded intentionally. @ https://kkeagle.com/#/:0
[16749604ms] [WARNING] The resource https://kkeagle.com/brands/kkgame/startPage-bg.webp was preloaded using link preload but not used within a few seconds from the window's load event. Please make sure it has an appropriate `as` value and it is preloaded intentionally. @ https://kkeagle.com/#/:0
[16806569ms] [WARNING] The resource https://kkeagle.com/brands/kkgame/logo.png was preloaded using link preload but not used within a few seconds from the window's load event. Please make sure it has an appropriate `as` value and it is preloaded intentionally. @ https://kkeagle.com/#/:0
[16806569ms] [WARNING] The resource https://kkeagle.com/brands/kkgame/startPage-bg.webp was preloaded using link preload but not used within a few seconds from the window's load event. Please make sure it has an appropriate `as` value and it is preloaded intentionally. @ https://kkeagle.com/#/:0
[16865957ms] [WARNING] The resource https://kkeagle.com/brands/kkgame/logo.png was preloaded using link preload but not used within a few seconds from the window's load event. Please make sure it has an appropriate `as` value and it is preloaded intentionally. @ https://kkeagle.com/#/:0
[16865957ms] [WARNING] The resource https://kkeagle.com/brands/kkgame/startPage-bg.webp was preloaded using link preload but not used within a few seconds from the window's load event. Please make sure it has an appropriate `as` value and it is preloaded intentionally. @ https://kkeagle.com/#/:0
[16926072ms] [WARNING] The resource https://kkeagle.com/brands/kkgame/logo.png was preloaded using link preload but not used within a few seconds from the window's load event. Please make sure it has an appropriate `as` value and it is preloaded intentionally. @ https://kkeagle.com/#/:0
[16926072ms] [WARNING] The resource https://kkeagle.com/brands/kkgame/startPage-bg.webp was preloaded using link preload but not used within a few seconds from the window's load event. Please make sure it has an appropriate `as` value and it is preloaded intentionally. @ https://kkeagle.com/#/:0
[16985883ms] [WARNING] The resource https://kkeagle.com/brands/kkgame/logo.png was preloaded using link preload but not used within a few seconds from the window's load event. Please make sure it has an appropriate `as` value and it is preloaded intentionally. @ https://kkeagle.com/#/:0
[16985883ms] [WARNING] The resource https://kkeagle.com/brands/kkgame/startPage-bg.webp was preloaded using link preload but not used within a few seconds from the window's load event. Please make sure it has an appropriate `as` value and it is preloaded intentionally. @ https://kkeagle.com/#/:0
[17045972ms] [WARNING] The resource https://kkeagle.com/brands/kkgame/logo.png was preloaded using link preload but not used within a few seconds from the window's load event. Please make sure it has an appropriate `as` value and it is preloaded intentionally. @ https://kkeagle.com/#/:0
[17045972ms] [WARNING] The resource https://kkeagle.com/brands/kkgame/startPage-bg.webp was preloaded using link preload but not used within a few seconds from the window's load event. Please make sure it has an appropriate `as` value and it is preloaded intentionally. @ https://kkeagle.com/#/:0
[17106571ms] [WARNING] The resource https://kkeagle.com/brands/kkgame/logo.png was preloaded using link preload but not used within a few seconds from the window's load event. Please make sure it has an appropriate `as` value and it is preloaded intentionally. @ https://kkeagle.com/#/:0
[17106571ms] [WARNING] The resource https://kkeagle.com/brands/kkgame/startPage-bg.webp was preloaded using link preload but not used within a few seconds from the window's load event. Please make sure it has an appropriate `as` value and it is preloaded intentionally. @ https://kkeagle.com/#/:0
[17168577ms] [WARNING] The resource https://kkeagle.com/brands/kkgame/logo.png was preloaded using link preload but not used within a few seconds from the window's load event. Please make sure it has an appropriate `as` value and it is preloaded intentionally. @ https://kkeagle.com/#/:0
[17168578ms] [WARNING] The resource https://kkeagle.com/brands/kkgame/startPage-bg.webp was preloaded using link preload but not used within a few seconds from the window's load event. Please make sure it has an appropriate `as` value and it is preloaded intentionally. @ https://kkeagle.com/#/:0
[17229384ms] [WARNING] The resource https://kkeagle.com/brands/kkgame/logo.png was preloaded using link preload but not used within a few seconds from the window's load event. Please make sure it has an appropriate `as` value and it is preloaded intentionally. @ https://kkeagle.com/#/:0
[17229385ms] [WARNING] The resource https://kkeagle.com/brands/kkgame/startPage-bg.webp was preloaded using link preload but not used within a few seconds from the window's load event. Please make sure it has an appropriate `as` value and it is preloaded intentionally. @ https://kkeagle.com/#/:0
[17289649ms] [WARNING] The resource https://kkeagle.com/brands/kkgame/logo.png was preloaded using link preload but not used within a few seconds from the window's load event. Please make sure it has an appropriate `as` value and it is preloaded intentionally. @ https://kkeagle.com/#/:0
[17289649ms] [WARNING] The resource https://kkeagle.com/brands/kkgame/startPage-bg.webp was preloaded using link preload but not used within a few seconds from the window's load event. Please make sure it has an appropriate `as` value and it is preloaded intentionally. @ https://kkeagle.com/#/:0
[17346045ms] [WARNING] The resource https://kkeagle.com/brands/kkgame/logo.png was preloaded using link preload but not used within a few seconds from the window's load event. Please make sure it has an appropriate `as` value and it is preloaded intentionally. @ https://kkeagle.com/#/:0
[17346045ms] [WARNING] The resource https://kkeagle.com/brands/kkgame/startPage-bg.webp was preloaded using link preload but not used within a few seconds from the window's load event. Please make sure it has an appropriate `as` value and it is preloaded intentionally. @ https://kkeagle.com/#/:0
[17405859ms] [WARNING] The resource https://kkeagle.com/brands/kkgame/logo.png was preloaded using link preload but not used within a few seconds from the window's load event. Please make sure it has an appropriate `as` value and it is preloaded intentionally. @ https://kkeagle.com/#/:0
[17405859ms] [WARNING] The resource https://kkeagle.com/brands/kkgame/startPage-bg.webp was preloaded using link preload but not used within a few seconds from the window's load event. Please make sure it has an appropriate `as` value and it is preloaded intentionally. @ https://kkeagle.com/#/:0
[17466252ms] [WARNING] The resource https://kkeagle.com/brands/kkgame/logo.png was preloaded using link preload but not used within a few seconds from the window's load event. Please make sure it has an appropriate `as` value and it is preloaded intentionally. @ https://kkeagle.com/#/:0
[17466252ms] [WARNING] The resource https://kkeagle.com/brands/kkgame/startPage-bg.webp was preloaded using link preload but not used within a few seconds from the window's load event. Please make sure it has an appropriate `as` value and it is preloaded intentionally. @ https://kkeagle.com/#/:0
[17527149ms] [WARNING] The resource https://kkeagle.com/brands/kkgame/logo.png was preloaded using link preload but not used within a few seconds from the window's load event. Please make sure it has an appropriate `as` value and it is preloaded intentionally. @ https://kkeagle.com/#/:0
[17527150ms] [WARNING] The resource https://kkeagle.com/brands/kkgame/startPage-bg.webp was preloaded using link preload but not used within a few seconds from the window's load event. Please make sure it has an appropriate `as` value and it is preloaded intentionally. @ https://kkeagle.com/#/:0
[17586192ms] [WARNING] The resource https://kkeagle.com/brands/kkgame/logo.png was preloaded using link preload but not used within a few seconds from the window's load event. Please make sure it has an appropriate `as` value and it is preloaded intentionally. @ https://kkeagle.com/#/:0
[17586192ms] [WARNING] The resource https://kkeagle.com/brands/kkgame/startPage-bg.webp was preloaded using link preload but not used within a few seconds from the window's load event. Please make sure it has an appropriate `as` value and it is preloaded intentionally. @ https://kkeagle.com/#/:0
[17645869ms] [WARNING] The resource https://kkeagle.com/brands/kkgame/logo.png was preloaded using link preload but not used within a few seconds from the window's load event. Please make sure it has an appropriate `as` value and it is preloaded intentionally. @ https://kkeagle.com/#/:0
[17645870ms] [WARNING] The resource https://kkeagle.com/brands/kkgame/startPage-bg.webp was preloaded using link preload but not used within a few seconds from the window's load event. Please make sure it has an appropriate `as` value and it is preloaded intentionally. @ https://kkeagle.com/#/:0
[17706043ms] [WARNING] The resource https://kkeagle.com/brands/kkgame/logo.png was preloaded using link preload but not used within a few seconds from the window's load event. Please make sure it has an appropriate `as` value and it is preloaded intentionally. @ https://kkeagle.com/#/:0
[17706044ms] [WARNING] The resource https://kkeagle.com/brands/kkgame/startPage-bg.webp was preloaded using link preload but not used within a few seconds from the window's load event. Please make sure it has an appropriate `as` value and it is preloaded intentionally. @ https://kkeagle.com/#/:0
[17770423ms] [WARNING] The resource https://kkeagle.com/brands/kkgame/logo.png was preloaded using link preload but not used within a few seconds from the window's load event. Please make sure it has an appropriate `as` value and it is preloaded intentionally. @ https://kkeagle.com/#/:0
[17770423ms] [WARNING] The resource https://kkeagle.com/brands/kkgame/startPage-bg.webp was preloaded using link preload but not used within a few seconds from the window's load event. Please make sure it has an appropriate `as` value and it is preloaded intentionally. @ https://kkeagle.com/#/:0
[17826062ms] [WARNING] The resource https://kkeagle.com/brands/kkgame/logo.png was preloaded using link preload but not used within a few seconds from the window's load event. Please make sure it has an appropriate `as` value and it is preloaded intentionally. @ https://kkeagle.com/#/:0
[17826063ms] [WARNING] The resource https://kkeagle.com/brands/kkgame/startPage-bg.webp was preloaded using link preload but not used within a few seconds from the window's load event. Please make sure it has an appropriate `as` value and it is preloaded intentionally. @ https://kkeagle.com/#/:0
[17886465ms] [WARNING] The resource https://kkeagle.com/brands/kkgame/logo.png was preloaded using link preload but not used within a few seconds from the window's load event. Please make sure it has an appropriate `as` value and it is preloaded intentionally. @ https://kkeagle.com/#/:0
[17886465ms] [WARNING] The resource https://kkeagle.com/brands/kkgame/startPage-bg.webp was preloaded using link preload but not used within a few seconds from the window's load event. Please make sure it has an appropriate `as` value and it is preloaded intentionally. @ https://kkeagle.com/#/:0
[17948757ms] [WARNING] The resource https://kkeagle.com/brands/kkgame/logo.png was preloaded using link preload but not used within a few seconds from the window's load event. Please make sure it has an appropriate `as` value and it is preloaded intentionally. @ https://kkeagle.com/#/:0
[17948757ms] [WARNING] The resource https://kkeagle.com/brands/kkgame/startPage-bg.webp was preloaded using link preload but not used within a few seconds from the window's load event. Please make sure it has an appropriate `as` value and it is preloaded intentionally. @ https://kkeagle.com/#/:0
[18009450ms] [WARNING] The resource https://kkeagle.com/brands/kkgame/logo.png was preloaded using link preload but not used within a few seconds from the window's load event. Please make sure it has an appropriate `as` value and it is preloaded intentionally. @ https://kkeagle.com/#/:0
[18009450ms] [WARNING] The resource https://kkeagle.com/brands/kkgame/startPage-bg.webp was preloaded using link preload but not used within a few seconds from the window's load event. Please make sure it has an appropriate `as` value and it is preloaded intentionally. @ https://kkeagle.com/#/:0
[18065977ms] [WARNING] The resource https://kkeagle.com/brands/kkgame/logo.png was preloaded using link preload but not used within a few seconds from the window's load event. Please make sure it has an appropriate `as` value and it is preloaded intentionally. @ https://kkeagle.com/#/:0
[18065977ms] [WARNING] The resource https://kkeagle.com/brands/kkgame/startPage-bg.webp was preloaded using link preload but not used within a few seconds from the window's load event. Please make sure it has an appropriate `as` value and it is preloaded intentionally. @ https://kkeagle.com/#/:0
[18125891ms] [WARNING] The resource https://kkeagle.com/brands/kkgame/logo.png was preloaded using link preload but not used within a few seconds from the window's load event. Please make sure it has an appropriate `as` value and it is preloaded intentionally. @ https://kkeagle.com/#/:0
[18125891ms] [WARNING] The resource https://kkeagle.com/brands/kkgame/startPage-bg.webp was preloaded using link preload but not used within a few seconds from the window's load event. Please make sure it has an appropriate `as` value and it is preloaded intentionally. @ https://kkeagle.com/#/:0
[18186452ms] [WARNING] The resource https://kkeagle.com/brands/kkgame/logo.png was preloaded using link preload but not used within a few seconds from the window's load event. Please make sure it has an appropriate `as` value and it is preloaded intentionally. @ https://kkeagle.com/#/:0
[18186452ms] [WARNING] The resource https://kkeagle.com/brands/kkgame/startPage-bg.webp was preloaded using link preload but not used within a few seconds from the window's load event. Please make sure it has an appropriate `as` value and it is preloaded intentionally. @ https://kkeagle.com/#/:0
[18255815ms] [WARNING] The resource https://kkeagle.com/brands/kkgame/logo.png was preloaded using link preload but not used within a few seconds from the window's load event. Please make sure it has an appropriate `as` value and it is preloaded intentionally. @ https://kkeagle.com/#/:0
[18255816ms] [WARNING] The resource https://kkeagle.com/brands/kkgame/startPage-bg.webp was preloaded using link preload but not used within a few seconds from the window's load event. Please make sure it has an appropriate `as` value and it is preloaded intentionally. @ https://kkeagle.com/#/:0
[18306885ms] [WARNING] The resource https://kkeagle.com/brands/kkgame/logo.png was preloaded using link preload but not used within a few seconds from the window's load event. Please make sure it has an appropriate `as` value and it is preloaded intentionally. @ https://kkeagle.com/#/:0
[18306885ms] [WARNING] The resource https://kkeagle.com/brands/kkgame/startPage-bg.webp was preloaded using link preload but not used within a few seconds from the window's load event. Please make sure it has an appropriate `as` value and it is preloaded intentionally. @ https://kkeagle.com/#/:0
[18377566ms] [WARNING] The resource https://kkeagle.com/brands/kkgame/logo.png was preloaded using link preload but not used within a few seconds from the window's load event. Please make sure it has an appropriate `as` value and it is preloaded intentionally. @ https://kkeagle.com/#/:0
[18377566ms] [WARNING] The resource https://kkeagle.com/brands/kkgame/startPage-bg.webp was preloaded using link preload but not used within a few seconds from the window's load event. Please make sure it has an appropriate `as` value and it is preloaded intentionally. @ https://kkeagle.com/#/:0
[18425801ms] [WARNING] The resource https://kkeagle.com/brands/kkgame/logo.png was preloaded using link preload but not used within a few seconds from the window's load event. Please make sure it has an appropriate `as` value and it is preloaded intentionally. @ https://kkeagle.com/#/:0
[18425801ms] [WARNING] The resource https://kkeagle.com/brands/kkgame/startPage-bg.webp was preloaded using link preload but not used within a few seconds from the window's load event. Please make sure it has an appropriate `as` value and it is preloaded intentionally. @ https://kkeagle.com/#/:0
[18486007ms] [WARNING] The resource https://kkeagle.com/brands/kkgame/logo.png was preloaded using link preload but not used within a few seconds from the window's load event. Please make sure it has an appropriate `as` value and it is preloaded intentionally. @ https://kkeagle.com/#/:0
[18486008ms] [WARNING] The resource https://kkeagle.com/brands/kkgame/startPage-bg.webp was preloaded using link preload but not used within a few seconds from the window's load event. Please make sure it has an appropriate `as` value and it is preloaded intentionally. @ https://kkeagle.com/#/:0
[18545738ms] [WARNING] The resource https://kkeagle.com/brands/kkgame/logo.png was preloaded using link preload but not used within a few seconds from the window's load event. Please make sure it has an appropriate `as` value and it is preloaded intentionally. @ https://kkeagle.com/#/:0
[18545739ms] [WARNING] The resource https://kkeagle.com/brands/kkgame/startPage-bg.webp was preloaded using link preload but not used within a few seconds from the window's load event. Please make sure it has an appropriate `as` value and it is preloaded intentionally. @ https://kkeagle.com/#/:0
[18605864ms] [WARNING] The resource https://kkeagle.com/brands/kkgame/logo.png was preloaded using link preload but not used within a few seconds from the window's load event. Please make sure it has an appropriate `as` value and it is preloaded intentionally. @ https://kkeagle.com/#/:0
[18605864ms] [WARNING] The resource https://kkeagle.com/brands/kkgame/startPage-bg.webp was preloaded using link preload but not used within a few seconds from the window's load event. Please make sure it has an appropriate `as` value and it is preloaded intentionally. @ https://kkeagle.com/#/:0
[18666154ms] [WARNING] The resource https://kkeagle.com/brands/kkgame/logo.png was preloaded using link preload but not used within a few seconds from the window's load event. Please make sure it has an appropriate `as` value and it is preloaded intentionally. @ https://kkeagle.com/#/:0
[18666154ms] [WARNING] The resource https://kkeagle.com/brands/kkgame/startPage-bg.webp was preloaded using link preload but not used within a few seconds from the window's load event. Please make sure it has an appropriate `as` value and it is preloaded intentionally. @ https://kkeagle.com/#/:0
[18725727ms] [WARNING] The resource https://kkeagle.com/brands/kkgame/logo.png was preloaded using link preload but not used within a few seconds from the window's load event. Please make sure it has an appropriate `as` value and it is preloaded intentionally. @ https://kkeagle.com/#/:0
[18725727ms] [WARNING] The resource https://kkeagle.com/brands/kkgame/startPage-bg.webp was preloaded using link preload but not used within a few seconds from the window's load event. Please make sure it has an appropriate `as` value and it is preloaded intentionally. @ https://kkeagle.com/#/:0
[18785909ms] [WARNING] The resource https://kkeagle.com/brands/kkgame/logo.png was preloaded using link preload but not used within a few seconds from the window's load event. Please make sure it has an appropriate `as` value and it is preloaded intentionally. @ https://kkeagle.com/#/:0
[18785909ms] [WARNING] The resource https://kkeagle.com/brands/kkgame/startPage-bg.webp was preloaded using link preload but not used within a few seconds from the window's load event. Please make sure it has an appropriate `as` value and it is preloaded intentionally. @ https://kkeagle.com/#/:0
[18846905ms] [WARNING] The resource https://kkeagle.com/brands/kkgame/logo.png was preloaded using link preload but not used within a few seconds from the window's load event. Please make sure it has an appropriate `as` value and it is preloaded intentionally. @ https://kkeagle.com/#/:0
[18846906ms] [WARNING] The resource https://kkeagle.com/brands/kkgame/startPage-bg.webp was preloaded using link preload but not used within a few seconds from the window's load event. Please make sure it has an appropriate `as` value and it is preloaded intentionally. @ https://kkeagle.com/#/:0
[18905736ms] [WARNING] The resource https://kkeagle.com/brands/kkgame/logo.png was preloaded using link preload but not used within a few seconds from the window's load event. Please make sure it has an appropriate `as` value and it is preloaded intentionally. @ https://kkeagle.com/#/:0
[18905736ms] [WARNING] The resource https://kkeagle.com/brands/kkgame/startPage-bg.webp was preloaded using link preload but not used within a few seconds from the window's load event. Please make sure it has an appropriate `as` value and it is preloaded intentionally. @ https://kkeagle.com/#/:0
[18966031ms] [WARNING] The resource https://kkeagle.com/brands/kkgame/logo.png was preloaded using link preload but not used within a few seconds from the window's load event. Please make sure it has an appropriate `as` value and it is preloaded intentionally. @ https://kkeagle.com/#/:0
[18966031ms] [WARNING] The resource https://kkeagle.com/brands/kkgame/startPage-bg.webp was preloaded using link preload but not used within a few seconds from the window's load event. Please make sure it has an appropriate `as` value and it is preloaded intentionally. @ https://kkeagle.com/#/:0
[19025661ms] [WARNING] The resource https://kkeagle.com/brands/kkgame/logo.png was preloaded using link preload but not used within a few seconds from the window's load event. Please make sure it has an appropriate `as` value and it is preloaded intentionally. @ https://kkeagle.com/#/:0
[19025661ms] [WARNING] The resource https://kkeagle.com/brands/kkgame/startPage-bg.webp was preloaded using link preload but not used within a few seconds from the window's load event. Please make sure it has an appropriate `as` value and it is preloaded intentionally. @ https://kkeagle.com/#/:0
[19085767ms] [WARNING] The resource https://kkeagle.com/brands/kkgame/logo.png was preloaded using link preload but not used within a few seconds from the window's load event. Please make sure it has an appropriate `as` value and it is preloaded intentionally. @ https://kkeagle.com/#/:0
[19085768ms] [WARNING] The resource https://kkeagle.com/brands/kkgame/startPage-bg.webp was preloaded using link preload but not used within a few seconds from the window's load event. Please make sure it has an appropriate `as` value and it is preloaded intentionally. @ https://kkeagle.com/#/:0
[19145890ms] [WARNING] The resource https://kkeagle.com/brands/kkgame/logo.png was preloaded using link preload but not used within a few seconds from the window's load event. Please make sure it has an appropriate `as` value and it is preloaded intentionally. @ https://kkeagle.com/#/:0
[19145891ms] [WARNING] The resource https://kkeagle.com/brands/kkgame/startPage-bg.webp was preloaded using link preload but not used within a few seconds from the window's load event. Please make sure it has an appropriate `as` value and it is preloaded intentionally. @ https://kkeagle.com/#/:0
[19206087ms] [WARNING] The resource https://kkeagle.com/brands/kkgame/logo.png was preloaded using link preload but not used within a few seconds from the window's load event. Please make sure it has an appropriate `as` value and it is preloaded intentionally. @ https://kkeagle.com/#/:0
[19206088ms] [WARNING] The resource https://kkeagle.com/brands/kkgame/startPage-bg.webp was preloaded using link preload but not used within a few seconds from the window's load event. Please make sure it has an appropriate `as` value and it is preloaded intentionally. @ https://kkeagle.com/#/:0
[19266294ms] [WARNING] The resource https://kkeagle.com/brands/kkgame/logo.png was preloaded using link preload but not used within a few seconds from the window's load event. Please make sure it has an appropriate `as` value and it is preloaded intentionally. @ https://kkeagle.com/#/:0
[19266294ms] [WARNING] The resource https://kkeagle.com/brands/kkgame/startPage-bg.webp was preloaded using link preload but not used within a few seconds from the window's load event. Please make sure it has an appropriate `as` value and it is preloaded intentionally. @ https://kkeagle.com/#/:0
[19325793ms] [WARNING] The resource https://kkeagle.com/brands/kkgame/logo.png was preloaded using link preload but not used within a few seconds from the window's load event. Please make sure it has an appropriate `as` value and it is preloaded intentionally. @ https://kkeagle.com/#/:0
[19325794ms] [WARNING] The resource https://kkeagle.com/brands/kkgame/startPage-bg.webp was preloaded using link preload but not used within a few seconds from the window's load event. Please make sure it has an appropriate `as` value and it is preloaded intentionally. @ https://kkeagle.com/#/:0
[19385791ms] [WARNING] The resource https://kkeagle.com/brands/kkgame/logo.png was preloaded using link preload but not used within a few seconds from the window's load event. Please make sure it has an appropriate `as` value and it is preloaded intentionally. @ https://kkeagle.com/#/:0
[19385792ms] [WARNING] The resource https://kkeagle.com/brands/kkgame/startPage-bg.webp was preloaded using link preload but not used within a few seconds from the window's load event. Please make sure it has an appropriate `as` value and it is preloaded intentionally. @ https://kkeagle.com/#/:0
[19445796ms] [WARNING] The resource https://kkeagle.com/brands/kkgame/logo.png was preloaded using link preload but not used within a few seconds from the window's load event. Please make sure it has an appropriate `as` value and it is preloaded intentionally. @ https://kkeagle.com/#/:0
[19445797ms] [WARNING] The resource https://kkeagle.com/brands/kkgame/startPage-bg.webp was preloaded using link preload but not used within a few seconds from the window's load event. Please make sure it has an appropriate `as` value and it is preloaded intentionally. @ https://kkeagle.com/#/:0
[19505733ms] [WARNING] The resource https://kkeagle.com/brands/kkgame/logo.png was preloaded using link preload but not used within a few seconds from the window's load event. Please make sure it has an appropriate `as` value and it is preloaded intentionally. @ https://kkeagle.com/#/:0
[19505733ms] [WARNING] The resource https://kkeagle.com/brands/kkgame/startPage-bg.webp was preloaded using link preload but not used within a few seconds from the window's load event. Please make sure it has an appropriate `as` value and it is preloaded intentionally. @ https://kkeagle.com/#/:0
[19566421ms] [WARNING] The resource https://kkeagle.com/brands/kkgame/logo.png was preloaded using link preload but not used within a few seconds from the window's load event. Please make sure it has an appropriate `as` value and it is preloaded intentionally. @ https://kkeagle.com/#/:0
[19566422ms] [WARNING] The resource https://kkeagle.com/brands/kkgame/startPage-bg.webp was preloaded using link preload but not used within a few seconds from the window's load event. Please make sure it has an appropriate `as` value and it is preloaded intentionally. @ https://kkeagle.com/#/:0
[19626006ms] [WARNING] The resource https://kkeagle.com/brands/kkgame/logo.png was preloaded using link preload but not used within a few seconds from the window's load event. Please make sure it has an appropriate `as` value and it is preloaded intentionally. @ https://kkeagle.com/#/:0
[19626006ms] [WARNING] The resource https://kkeagle.com/brands/kkgame/startPage-bg.webp was preloaded using link preload but not used within a few seconds from the window's load event. Please make sure it has an appropriate `as` value and it is preloaded intentionally. @ https://kkeagle.com/#/:0
[19685864ms] [WARNING] The resource https://kkeagle.com/brands/kkgame/logo.png was preloaded using link preload but not used within a few seconds from the window's load event. Please make sure it has an appropriate `as` value and it is preloaded intentionally. @ https://kkeagle.com/#/:0
[19685864ms] [WARNING] The resource https://kkeagle.com/brands/kkgame/startPage-bg.webp was preloaded using link preload but not used within a few seconds from the window's load event. Please make sure it has an appropriate `as` value and it is preloaded intentionally. @ https://kkeagle.com/#/:0
[19745834ms] [WARNING] The resource https://kkeagle.com/brands/kkgame/logo.png was preloaded using link preload but not used within a few seconds from the window's load event. Please make sure it has an appropriate `as` value and it is preloaded intentionally. @ https://kkeagle.com/#/:0
[19745834ms] [WARNING] The resource https://kkeagle.com/brands/kkgame/startPage-bg.webp was preloaded using link preload but not used within a few seconds from the window's load event. Please make sure it has an appropriate `as` value and it is preloaded intentionally. @ https://kkeagle.com/#/:0
[19805663ms] [WARNING] The resource https://kkeagle.com/brands/kkgame/logo.png was preloaded using link preload but not used within a few seconds from the window's load event. Please make sure it has an appropriate `as` value and it is preloaded intentionally. @ https://kkeagle.com/#/:0
[19805663ms] [WARNING] The resource https://kkeagle.com/brands/kkgame/startPage-bg.webp was preloaded using link preload but not used within a few seconds from the window's load event. Please make sure it has an appropriate `as` value and it is preloaded intentionally. @ https://kkeagle.com/#/:0
[19865736ms] [WARNING] The resource https://kkeagle.com/brands/kkgame/logo.png was preloaded using link preload but not used within a few seconds from the window's load event. Please make sure it has an appropriate `as` value and it is preloaded intentionally. @ https://kkeagle.com/#/:0
[19865736ms] [WARNING] The resource https://kkeagle.com/brands/kkgame/startPage-bg.webp was preloaded using link preload but not used within a few seconds from the window's load event. Please make sure it has an appropriate `as` value and it is preloaded intentionally. @ https://kkeagle.com/#/:0
[19925698ms] [WARNING] The resource https://kkeagle.com/brands/kkgame/logo.png was preloaded using link preload but not used within a few seconds from the window's load event. Please make sure it has an appropriate `as` value and it is preloaded intentionally. @ https://kkeagle.com/#/:0
[19925698ms] [WARNING] The resource https://kkeagle.com/brands/kkgame/startPage-bg.webp was preloaded using link preload but not used within a few seconds from the window's load event. Please make sure it has an appropriate `as` value and it is preloaded intentionally. @ https://kkeagle.com/#/:0
[19987791ms] [WARNING] The resource https://kkeagle.com/brands/kkgame/logo.png was preloaded using link preload but not used within a few seconds from the window's load event. Please make sure it has an appropriate `as` value and it is preloaded intentionally. @ https://kkeagle.com/#/:0
[19987791ms] [WARNING] The resource https://kkeagle.com/brands/kkgame/startPage-bg.webp was preloaded using link preload but not used within a few seconds from the window's load event. Please make sure it has an appropriate `as` value and it is preloaded intentionally. @ https://kkeagle.com/#/:0
[20045760ms] [WARNING] The resource https://kkeagle.com/brands/kkgame/logo.png was preloaded using link preload but not used within a few seconds from the window's load event. Please make sure it has an appropriate `as` value and it is preloaded intentionally. @ https://kkeagle.com/#/:0
[20045760ms] [WARNING] The resource https://kkeagle.com/brands/kkgame/startPage-bg.webp was preloaded using link preload but not used within a few seconds from the window's load event. Please make sure it has an appropriate `as` value and it is preloaded intentionally. @ https://kkeagle.com/#/:0
[20105696ms] [WARNING] The resource https://kkeagle.com/brands/kkgame/logo.png was preloaded using link preload but not used within a few seconds from the window's load event. Please make sure it has an appropriate `as` value and it is preloaded intentionally. @ https://kkeagle.com/#/:0
[20105697ms] [WARNING] The resource https://kkeagle.com/brands/kkgame/startPage-bg.webp was preloaded using link preload but not used within a few seconds from the window's load event. Please make sure it has an appropriate `as` value and it is preloaded intentionally. @ https://kkeagle.com/#/:0
[20166099ms] [WARNING] The resource https://kkeagle.com/brands/kkgame/logo.png was preloaded using link preload but not used within a few seconds from the window's load event. Please make sure it has an appropriate `as` value and it is preloaded intentionally. @ https://kkeagle.com/#/:0
[20166099ms] [WARNING] The resource https://kkeagle.com/brands/kkgame/startPage-bg.webp was preloaded using link preload but not used within a few seconds from the window's load event. Please make sure it has an appropriate `as` value and it is preloaded intentionally. @ https://kkeagle.com/#/:0
[20226430ms] [WARNING] The resource https://kkeagle.com/brands/kkgame/logo.png was preloaded using link preload but not used within a few seconds from the window's load event. Please make sure it has an appropriate `as` value and it is preloaded intentionally. @ https://kkeagle.com/#/:0
[20226430ms] [WARNING] The resource https://kkeagle.com/brands/kkgame/startPage-bg.webp was preloaded using link preload but not used within a few seconds from the window's load event. Please make sure it has an appropriate `as` value and it is preloaded intentionally. @ https://kkeagle.com/#/:0
[20285680ms] [WARNING] The resource https://kkeagle.com/brands/kkgame/logo.png was preloaded using link preload but not used within a few seconds from the window's load event. Please make sure it has an appropriate `as` value and it is preloaded intentionally. @ https://kkeagle.com/#/:0
[20285680ms] [WARNING] The resource https://kkeagle.com/brands/kkgame/startPage-bg.webp was preloaded using link preload but not used within a few seconds from the window's load event. Please make sure it has an appropriate `as` value and it is preloaded intentionally. @ https://kkeagle.com/#/:0
[20345787ms] [WARNING] The resource https://kkeagle.com/brands/kkgame/logo.png was preloaded using link preload but not used within a few seconds from the window's load event. Please make sure it has an appropriate `as` value and it is preloaded intentionally. @ https://kkeagle.com/#/:0
[20345788ms] [WARNING] The resource https://kkeagle.com/brands/kkgame/startPage-bg.webp was preloaded using link preload but not used within a few seconds from the window's load event. Please make sure it has an appropriate `as` value and it is preloaded intentionally. @ https://kkeagle.com/#/:0
[20405960ms] [WARNING] The resource https://kkeagle.com/brands/kkgame/logo.png was preloaded using link preload but not used within a few seconds from the window's load event. Please make sure it has an appropriate `as` value and it is preloaded intentionally. @ https://kkeagle.com/#/:0
[20405961ms] [WARNING] The resource https://kkeagle.com/brands/kkgame/startPage-bg.webp was preloaded using link preload but not used within a few seconds from the window's load event. Please make sure it has an appropriate `as` value and it is preloaded intentionally. @ https://kkeagle.com/#/:0
[20465782ms] [WARNING] The resource https://kkeagle.com/brands/kkgame/logo.png was preloaded using link preload but not used within a few seconds from the window's load event. Please make sure it has an appropriate `as` value and it is preloaded intentionally. @ https://kkeagle.com/#/:0
[20465782ms] [WARNING] The resource https://kkeagle.com/brands/kkgame/startPage-bg.webp was preloaded using link preload but not used within a few seconds from the window's load event. Please make sure it has an appropriate `as` value and it is preloaded intentionally. @ https://kkeagle.com/#/:0
[20525913ms] [WARNING] The resource https://kkeagle.com/brands/kkgame/logo.png was preloaded using link preload but not used within a few seconds from the window's load event. Please make sure it has an appropriate `as` value and it is preloaded intentionally. @ https://kkeagle.com/#/:0
[20525913ms] [WARNING] The resource https://kkeagle.com/brands/kkgame/startPage-bg.webp was preloaded using link preload but not used within a few seconds from the window's load event. Please make sure it has an appropriate `as` value and it is preloaded intentionally. @ https://kkeagle.com/#/:0
[20585725ms] [WARNING] The resource https://kkeagle.com/brands/kkgame/logo.png was preloaded using link preload but not used within a few seconds from the window's load event. Please make sure it has an appropriate `as` value and it is preloaded intentionally. @ https://kkeagle.com/#/:0
[20585725ms] [WARNING] The resource https://kkeagle.com/brands/kkgame/startPage-bg.webp was preloaded using link preload but not used within a few seconds from the window's load event. Please make sure it has an appropriate `as` value and it is preloaded intentionally. @ https://kkeagle.com/#/:0
[20645684ms] [WARNING] The resource https://kkeagle.com/brands/kkgame/logo.png was preloaded using link preload but not used within a few seconds from the window's load event. Please make sure it has an appropriate `as` value and it is preloaded intentionally. @ https://kkeagle.com/#/:0
[20645684ms] [WARNING] The resource https://kkeagle.com/brands/kkgame/startPage-bg.webp was preloaded using link preload but not used within a few seconds from the window's load event. Please make sure it has an appropriate `as` value and it is preloaded intentionally. @ https://kkeagle.com/#/:0
[20705819ms] [WARNING] The resource https://kkeagle.com/brands/kkgame/logo.png was preloaded using link preload but not used within a few seconds from the window's load event. Please make sure it has an appropriate `as` value and it is preloaded intentionally. @ https://kkeagle.com/#/:0
[20705819ms] [WARNING] The resource https://kkeagle.com/brands/kkgame/startPage-bg.webp was preloaded using link preload but not used within a few seconds from the window's load event. Please make sure it has an appropriate `as` value and it is preloaded intentionally. @ https://kkeagle.com/#/:0
[20765728ms] [WARNING] The resource https://kkeagle.com/brands/kkgame/logo.png was preloaded using link preload but not used within a few seconds from the window's load event. Please make sure it has an appropriate `as` value and it is preloaded intentionally. @ https://kkeagle.com/#/:0
[20765729ms] [WARNING] The resource https://kkeagle.com/brands/kkgame/startPage-bg.webp was preloaded using link preload but not used within a few seconds from the window's load event. Please make sure it has an appropriate `as` value and it is preloaded intentionally. @ https://kkeagle.com/#/:0
[20825825ms] [WARNING] The resource https://kkeagle.com/brands/kkgame/logo.png was preloaded using link preload but not used within a few seconds from the window's load event. Please make sure it has an appropriate `as` value and it is preloaded intentionally. @ https://kkeagle.com/#/:0
[20825825ms] [WARNING] The resource https://kkeagle.com/brands/kkgame/startPage-bg.webp was preloaded using link preload but not used within a few seconds from the window's load event. Please make sure it has an appropriate `as` value and it is preloaded intentionally. @ https://kkeagle.com/#/:0
